timestamp,id,rating,course_2,course_3,is_mi_student,is_ml_student,fall_1,fall_2,fall_3,spring_1,spring_2,spring_3,is_first_time,percentile,blended,is_first_place,is_last_place
2020-05-15 01:12:50.543,93ff79a51cd602f1dd3028ba2c129503,698,61,,0.0,0.0,Язык SQL,Высокопроизводительные вычисления,Матричные вычисления,Дискретная оптимизация,Численные методы,Машинное обучение 2,Да,0.1838565022421524,,True,
2020-05-15 02:46:48.066,26b01b1c4cd5656bab18d24c548834fb,647,61,,0.0,0.0,Высокопроизводительные вычисления,Безопасность компьютерных систем,Язык SQL,Дискретная оптимизация,Численные методы,Машинное обучение 2,Нет,0.4260089686098655,,,
2020-05-15 03:12:41.480,30f3653fc176d54e89ac3179c455c6dd,624,65,,0.0,0.0,Безопасность компьютерных систем,Матричные вычисления,Моделирование временных рядов,Дискретная оптимизация,Машинное обучение 2,Численные методы,Да,0.5381165919282511,,,
2020-05-15 04:43:08.994,1528f0eaa027580820ccf0d92a53ad68,579,62,,0.0,0.0,Statistical Learning Theory,Высокопроизводительные вычисления,Матричные вычисления,Дискретная оптимизация,Численные методы,Машинное обучение 2,Да,0.7443946188340806,,,
2020-05-15 07:47:17.197,496ea4f0d4abe264b1bb1b80eb3830c5,572,63,,0.0,0.0,Высокопроизводительные вычисления,Безопасность компьютерных систем,Теория баз данных,Компьютерные сети,Дискретная оптимизация,Численные методы,Да,0.7802690582959642,,,
2020-05-15 09:10:18.558,d0d8ff53ed5b119f9056068e954256c6,591,67,,0.0,0.0,Язык SQL,Statistical Learning Theory,Сбор и обработка данных с помощью краудсорсинга,Промышленное программирование на языке Java,Численные методы,Дискретная оптимизация,Да,0.6905829596412556,,,
2020-05-15 11:42:16.910,e4caca755ee0bdd711e18fb8084958b5,724,61,,0.0,0.0,Statistical Learning Theory,Безопасность компьютерных систем,Моделирование временных рядов,Численные методы,Промышленное программирование на языке Java,Машинное обучение 2,Да,0.1031390134529148,,,
2020-05-15 12:11:43.252,8047c18b3c531c6f47931e0744f3e028,566,67,,0.0,0.0,Язык SQL,Теория баз данных,Безопасность компьютерных систем,Промышленное программирование на языке Java,Компьютерные сети,Дискретная оптимизация,Да,0.8026905829596412,,,
2020-05-15 13:21:40.913,e8b314842f176be9051d14a07cb156cb,618,61,,0.0,0.0,Язык SQL,Теория баз данных,Матричные вычисления,Промышленное программирование на языке Java,Компьютерные сети,Дискретная оптимизация,Да,0.5650224215246638,,,
2020-05-15 13:29:10.789,d6c079f1ff869c8c84fa3ed30bd67e0e,733,61,,0.0,1.0,Теория баз данных,Высокопроизводительные вычисления,Сбор и обработка данных с помощью краудсорсинга,Дополнительные главы прикладной статистики,Анализ данных в бизнесе,Численные методы,Да,0.08520179372197312,,,
2020-05-15 13:46:31.518,57c331c5a1b473501d86dfd23421bb5c,623,66,,0.0,0.0,Принятие решений в условиях риска и неопределённости,Моделирование временных рядов,Матричные вычисления,Анализ данных в бизнесе,Численные методы,Машинное обучение 2,Да,0.5426008968609866,,,
2020-05-15 14:52:24.210,3de75278c0cdb78bbe54267f65c67d25,563,67,,0.0,0.0,Язык SQL,Теория баз данных,Сбор и обработка данных с помощью краудсорсинга,Промышленное программирование на языке Java,Системы баз данных,Анализ данных в бизнесе,Да,0.8116591928251121,,,
2020-05-15 16:13:05.416,77c7b37ee521df16ccff23ba50c893d4,735,63,,0.0,0.0,Высокопроизводительные вычисления,Язык SQL,Безопасность компьютерных систем,Компьютерные сети,Промышленное программирование на языке Java,Машинное обучение 2,Да,0.07623318385650224,,,
2020-05-15 16:19:15.181,23484c24b8d551a189015750171974cd,734,63,,0.0,0.0,Высокопроизводительные вычисления,Безопасность компьютерных систем,Теория баз данных,Компьютерные сети,Дискретная оптимизация,Машинное обучение 2,Да,0.08071748878923768,,,
2020-05-15 16:46:00.536,105209181e880d891f19de83b4b1478d,706,63,,0.0,1.0,Безопасность компьютерных систем,Моделирование временных рядов,Принятие решений в условиях риска и неопределённости,Анализ данных в бизнесе,Дискретная оптимизация,Системы баз данных,Да,0.1524663677130045,,,
2020-05-15 16:53:27.904,80a0660d40d5e2f3e3b9bb8a4383db74,662,63,,0.0,1.0,Statistical Learning Theory,Матричные вычисления,Моделирование временных рядов,Анализ данных в бизнесе,Дискретная оптимизация,Системы баз данных,Да,0.3542600896860987,,,
2020-05-15 16:58:06.959,64173586abab6f7a172946c8c74bde0d,630,61,,0.0,0.0,Безопасность компьютерных систем,Высокопроизводительные вычисления,Язык SQL,Компьютерные сети,Промышленное программирование на языке Java,Дискретная оптимизация,Да,0.5022421524663677,,,
2020-05-15 17:33:08.592,4b019ecb89626c8752a1d962b63c8a4b,669,65,,0.0,0.0,Язык SQL,Высокопроизводительные вычисления,Безопасность компьютерных систем,Компьютерные сети,Промышленное программирование на языке Java,Системы баз данных,Да,0.3183856502242153,,,
2020-05-15 19:44:33.132,af20596134e83f3ca61259b325aa9688,519,62,,0.0,0.0,Statistical Learning Theory,Сбор и обработка данных с помощью краудсорсинга,Высокопроизводительные вычисления,Машинное обучение 2,Дополнительные главы прикладной статистики,Анализ данных в бизнесе,Да,0.9730941704035875,,,True
2020-05-15 21:34:32.550,86d929f6fd741e56e93cee5900298849,761,61,,0.0,0.0,Сбор и обработка данных с помощью краудсорсинга,Сбор и обработка данных с помощью краудсорсинга,Сбор и обработка данных с помощью краудсорсинга,Дополнительные главы прикладной статистики,Дополнительные главы прикладной статистики,Дополнительные главы прикладной статистики,Да,0.008968609865470878,,True,
2020-05-15 21:55:16.699,f0f6f3881894172a0f04e79b554b49e6,673,61,,0.0,1.0,Безопасность компьютерных систем,Сбор и обработка данных с помощью краудсорсинга,Принятие решений в условиях риска и неопределённости,Машинное обучение 2,Численные методы,Дополнительные главы прикладной статистики,Да,0.3004484304932735,,,
2020-05-15 22:06:56.284,d3b992fe1016d7951d335db002d43dec,601,63,,0.0,0.0,Матричные вычисления,Высокопроизводительные вычисления,Безопасность компьютерных систем,Дискретная оптимизация,Численные методы,Компьютерные сети,Да,0.6457399103139013,,,
2020-05-15 22:30:31.902,a65d50ef4fadfac64508a54e972d8623,626,64,,0.0,0.0,Безопасность компьютерных систем,Высокопроизводительные вычисления,Матричные вычисления,Дискретная оптимизация,Численные методы,Анализ данных в бизнесе,Нет,0.5269058295964126,,,
2020-05-15 22:41:51.724,cddf159101f9a5a30f9041ceebdb2835,651,61,,0.0,0.0,Безопасность компьютерных систем,Теория баз данных,Язык SQL,Дискретная оптимизация,Компьютерные сети,Системы баз данных,Да,0.4080717488789237,,,
2020-05-15 22:58:10.827,d82c2df25b8b36cd655077b4a885e1f7,612,61,,0.0,0.0,Теория баз данных,Безопасность компьютерных систем,Язык SQL,Промышленное программирование на языке Java,Компьютерные сети,Дискретная оптимизация,Да,0.5964125560538116,,,
2020-05-15 22:59:40.602,a0c56e8aa03ea6c1f5e8462914472075,751,62,,0.0,1.0,Сбор и обработка данных с помощью краудсорсинга,Statistical Learning Theory,Моделирование временных рядов,Дополнительные главы прикладной статистики,Дискретная оптимизация,Численные методы,Да,0.04484304932735428,,,
2020-05-16 13:02:24.706,5daee1bd98559bb2c52373e416942225,593,62,,0.0,1.0,Сбор и обработка данных с помощью краудсорсинга,Statistical Learning Theory,Моделирование временных рядов,Машинное обучение 2,Промышленное программирование на языке Java,Анализ данных в бизнесе,Нет,0.6816143497757847,,,
2020-05-16 14:40:48.012,64b63332f8e86fa32969cfe0c167dbea,684,66,,0.0,0.0,Сбор и обработка данных с помощью краудсорсинга,Statistical Learning Theory,Высокопроизводительные вычисления,Машинное обучение 2,Анализ данных в бизнесе,Промышленное программирование на языке Java,Нет,0.2511210762331838,,,
2020-05-16 15:01:06.274,b121e4d7d62387cd5199cca464a34a6d,694,65,,0.0,0.0,Безопасность компьютерных систем,Теория баз данных,Язык SQL,Машинное обучение 2,Компьютерные сети,Промышленное программирование на языке Java,Нет,0.2040358744394619,,,
2020-05-16 17:44:55.307,7df351e9f3a719f6c29e811e2578fcc6,611,68,,0.0,0.0,Безопасность компьютерных систем,Высокопроизводительные вычисления,Язык SQL,Компьютерные сети,Системы баз данных,Машинное обучение 2,Да,0.600896860986547,,,
2020-05-16 19:23:31.349,c7f347b466ff14ec85103f61c4d6ff8e,640,67,,0.0,0.0,Язык SQL,Безопасность компьютерных систем,Теория баз данных,Машинное обучение 2,Машинное обучение 2,Промышленное программирование на языке Java,Да,0.4573991031390134,,,
2020-05-16 20:46:40.318,73282cacef07625adb2f9b4e2d57240e,575,63,,0.0,0.0,Матричные вычисления,Язык SQL,Принятие решений в условиях риска и неопределённости,Дискретная оптимизация,Численные методы,Промышленное программирование на языке Java,Нет,0.7623318385650224,,,
2020-05-16 21:06:51.168,9c656049fc55775bb9215d12aabf5881,594,67,,0.0,1.0,Язык SQL,Сбор и обработка данных с помощью краудсорсинга,Матричные вычисления,Промышленное программирование на языке Java,Анализ данных в бизнесе,Компьютерные сети,Да,0.6771300448430493,,,
2020-05-16 21:11:40.100,2662600c2c37e11e62f6ee0b88452f22,627,62,,1.0,0.0,Statistical Learning Theory,Сбор и обработка данных с помощью краудсорсинга,Принятие решений в условиях риска и неопределённости,Машинное обучение 2,Промышленное программирование на языке Java,Дополнительные главы прикладной статистики,Да,0.5201793721973094,,,
2020-05-16 21:43:04.275,d37fe725a8ee1d1b263463baf7560fd4,748,64,,0.0,0.0,Безопасность компьютерных систем,Теория баз данных,Высокопроизводительные вычисления,Промышленное программирование на языке Java,Компьютерные сети,Дискретная оптимизация,Да,0.05381165919282516,,,
2020-05-16 22:06:23.814,2ba0a356c95af4fe74272e708082086f,672,66,,0.0,1.0,Безопасность компьютерных систем,Statistical Learning Theory,Матричные вычисления,Дискретная оптимизация,Компьютерные сети,Системы баз данных,Да,0.304932735426009,,,
2020-05-16 23:32:44.820,e3d4f9a7b947ebc03d345dd9e14b5d2c,524,61,,0.0,0.0,Безопасность компьютерных систем,Высокопроизводительные вычисления,Матричные вычисления,Дискретная оптимизация,Машинное обучение 2,Компьютерные сети,Да,0.9596412556053812,,,
2020-05-16 23:49:50.765,ab5248060fbaac411a79a62dfb0d263d,528,67,,0.0,1.0,Язык SQL,Безопасность компьютерных систем,Сбор и обработка данных с помощью краудсорсинга,Промышленное программирование на языке Java,Дополнительные главы прикладной статистики,Промышленное программирование на языке Java,Да,0.9461883408071748,,,
2020-05-17 00:54:43.939,d38ebd0ba564ea88de8015e116f811c8,546,67,,0.0,0.0,Безопасность компьютерных систем,Высокопроизводительные вычисления,Язык SQL,Компьютерные сети,Промышленное программирование на языке Java,Дискретная оптимизация,Да,0.8834080717488789,,,
2020-05-17 01:48:02.632,c97ab5cabace9f00673cc8384771aa9c,552,65,,0.0,0.0,Безопасность компьютерных систем,Теория баз данных,Язык SQL,Компьютерные сети,Промышленное программирование на языке Java,Машинное обучение 2,Да,0.8609865470852018,,,
2020-05-17 10:27:38.042,9808df02cd92ed45df39e6bc748f3179,645,67,,0.0,0.0,Statistical Learning Theory,Моделирование временных рядов,Высокопроизводительные вычисления,Машинное обучение 2,Системы баз данных,Компьютерные сети,Да,0.4349775784753364,,,
2020-05-17 12:04:22.843,b6bf56b8b8ffd1666036b0a8ca01c452,537,61,,0.0,0.0,Матричные вычисления,Язык SQL,Безопасность компьютерных систем,Компьютерные сети,Промышленное программирование на языке Java,Системы баз данных,Да,0.9147982062780269,,,
2020-05-17 12:11:23.296,39cd1820459fdbcc193f9bb0ddb74a58,606,64,,1.0,0.0,Безопасность компьютерных систем,Сбор и обработка данных с помощью краудсорсинга,Statistical Learning Theory,Машинное обучение 2,Промышленное программирование на языке Java,Анализ данных в бизнесе,Да,0.6233183856502242,,,
2020-05-17 12:36:33.965,5d9c9087b5a851ecb6bba1bc916b684f,680,65,,0.0,0.0,Матричные вычисления,Принятие решений в условиях риска и неопределённости,Теория баз данных,Численные методы,Машинное обучение 2,Промышленное программирование на языке Java,Да,0.2690582959641256,,,
2020-05-17 13:24:57.167,a37a88d97b12fe90dd83dd548866b2bb,701,66,,0.0,1.0,Сбор и обработка данных с помощью краудсорсинга,Безопасность компьютерных систем,Матричные вычисления,Промышленное программирование на языке Java,Компьютерные сети,Дискретная оптимизация,Да,0.1748878923766816,,,
2020-05-17 14:04:41.159,34f75b81eb7b1cc9e9e4ef5bfd7fa69a,678,64,,0.0,0.0,Безопасность компьютерных систем,Моделирование временных рядов,Высокопроизводительные вычисления,Машинное обучение 2,Промышленное программирование на языке Java,Дополнительные главы прикладной статистики,Да,0.2780269058295964,,,
2020-05-17 16:15:12.312,e5fb2c5a9d8a09915b15d14bf6cf3174,753,62,,0.0,0.0,Безопасность компьютерных систем,Матричные вычисления,Высокопроизводительные вычисления,Дискретная оптимизация,Компьютерные сети,Численные методы,Да,0.04035874439461884,,,
2020-05-17 16:39:53.941,f8c83b338162bb41af2851b5e62f84d0,547,65,,0.0,0.0,Теория баз данных,Язык SQL,Безопасность компьютерных систем,Промышленное программирование на языке Java,Компьютерные сети,Дискретная оптимизация,Да,0.8789237668161435,,,
2020-05-17 17:40:31.867,323f162a5cad5f11e84bf294dd73197e,605,68,,0.0,0.0,Безопасность компьютерных систем,Сбор и обработка данных с помощью краудсорсинга,Язык SQL,Машинное обучение 2,Анализ данных в бизнесе,Компьютерные сети,Да,0.6278026905829597,,,
2020-05-17 18:21:13.570,28cd79966197dc97bafed62bc8c48bbd,589,62,,0.0,0.0,Моделирование временных рядов,Statistical Learning Theory,Язык SQL,Анализ данных в бизнесе,Системы баз данных,Дискретная оптимизация,Да,0.6995515695067265,,,
2020-05-17 18:45:15.768,ef8c6afd958da5f51429948f090432da,522,63,,0.0,0.0,Сбор и обработка данных с помощью краудсорсинга,Высокопроизводительные вычисления,Матричные вычисления,Машинное обучение 2,Дискретная оптимизация,Численные методы,Да,0.9641255605381166,,,
2020-05-17 20:06:13.347,c3c0a0524bae841e5f9a56cf967cd423,667,61,,0.0,1.0,Моделирование временных рядов,Язык SQL,Сбор и обработка данных с помощью краудсорсинга,Промышленное программирование на языке Java,Системы баз данных,Компьютерные сети,Да,0.327354260089686,,,
2020-05-17 20:42:32.811,9abd31fe9761b5abd56524915237c1ea,670,62,,0.0,1.0,Матричные вычисления,Statistical Learning Theory,Моделирование временных рядов,Дополнительные главы прикладной статистики,Анализ данных в бизнесе,Промышленное программирование на языке Java,Да,0.3139013452914798,,,
2020-05-17 21:26:07.718,48ba69e4b13182a6d89499fd9a2c8f46,732,61,,0.0,1.0,Матричные вычисления,Теория баз данных,Statistical Learning Theory,Дискретная оптимизация,Промышленное программирование на языке Java,Численные методы,Да,0.08968609865470856,,,
2020-05-17 23:48:54.218,447a377d20b3181f0436c72c19a48c37,741,64,,0.0,0.0,Безопасность компьютерных систем,Теория баз данных,Высокопроизводительные вычисления,Промышленное программирование на языке Java,Дискретная оптимизация,Компьютерные сети,Да,0.06278026905829592,,,
2020-05-18 00:28:59.780,c84186d57fd935e228cdeddb0ce0bf2c,722,68,,0.0,0.0,Безопасность компьютерных систем,Сбор и обработка данных с помощью краудсорсинга,Моделирование временных рядов,Машинное обучение 2,Дискретная оптимизация,Промышленное программирование на языке Java,Да,0.1121076233183856,,,
2020-05-18 01:12:33.756,17676f1d09ba15d060a7352e4308661a,622,64,,0.0,0.0,Безопасность компьютерных систем,Матричные вычисления,Язык SQL,Дискретная оптимизация,Компьютерные сети,Промышленное программирование на языке Java,Да,0.547085201793722,,,
2020-05-18 02:08:02.560,518a8ad312d0db47e23eeadf9f4220d1,711,65,,0.0,1.0,Безопасность компьютерных систем,Высокопроизводительные вычисления,Теория баз данных,Промышленное программирование на языке Java,Анализ данных в бизнесе,Дискретная оптимизация,Да,0.1345291479820628,,,
2020-05-18 09:51:45.860,0f114e98d9f732aa51db34f687db2655,699,63,,0.0,0.0,Матричные вычисления,Высокопроизводительные вычисления,Безопасность компьютерных систем,Дискретная оптимизация,Численные методы,Дополнительные главы прикладной статистики,Да,0.179372197309417,,,
2020-05-18 09:55:04.596,796d174c592006376963b8f31e818dbf,655,66,,0.0,0.0,Моделирование временных рядов,Матричные вычисления,Принятие решений в условиях риска и неопределённости,Численные методы,Дополнительные главы прикладной статистики,Машинное обучение 2,Да,0.3901345291479821,,,
2020-05-18 10:47:46.496,4add93dff84a52a0b3d690f07aa081d4,725,68,,0.0,1.0,Безопасность компьютерных систем,Высокопроизводительные вычисления,Сбор и обработка данных с помощью краудсорсинга,Дискретная оптимизация,Численные методы,Дополнительные главы прикладной статистики,Да,0.09865470852017932,,,
2020-05-18 11:12:15.849,dcc2e3447043d6d70a90c9c924314695,703,66,,0.0,1.0,Сбор и обработка данных с помощью краудсорсинга,Теория баз данных,Высокопроизводительные вычисления,Промышленное программирование на языке Java,Дискретная оптимизация,Численные методы,Да,0.1659192825112108,,,
2020-05-18 11:13:13.920,b8d4c538f6b47a1a692bec6c2f29152b,682,63,,0.0,0.0,Безопасность компьютерных систем,Высокопроизводительные вычисления,Язык SQL,Промышленное программирование на языке Java,Компьютерные сети,Системы баз данных,Да,0.2600896860986547,,,
2020-05-18 11:41:44.682,59241a17fc6c01fa7d209ef20712d31c,588,64,,0.0,0.0,Моделирование временных рядов,Безопасность компьютерных систем,Матричные вычисления,Численные методы,Компьютерные сети,Дополнительные главы прикладной статистики,Да,0.7040358744394619,,,
2020-05-18 12:17:33.378,1f53f6dabcd59889dd7486a7cac5c9f2,569,67,,0.0,0.0,Язык SQL,Матричные вычисления,Безопасность компьютерных систем,Компьютерные сети,Промышленное программирование на языке Java,Дополнительные главы прикладной статистики,Нет,0.789237668161435,,,
2020-05-18 12:41:04.520,348562c4a55053de25fdd4389b9f1181,650,66,,0.0,1.0,Моделирование временных рядов,Сбор и обработка данных с помощью краудсорсинга,Безопасность компьютерных систем,Компьютерные сети,Дополнительные главы прикладной статистики,Системы баз данных,Да,0.4125560538116592,,,
2020-05-18 12:55:36.645,d61cc836b6aa3cdc4a40e2e8ada0b937,608,62,,0.0,0.0,Безопасность компьютерных систем,Высокопроизводительные вычисления,Язык SQL,Компьютерные сети,Промышленное программирование на языке Java,Машинное обучение 2,Нет,0.6143497757847534,,,
2020-05-18 13:30:49.657,1eafb63c510c305e325bff51d246adb1,648,61,,0.0,1.0,Сбор и обработка данных с помощью краудсорсинга,Statistical Learning Theory,Безопасность компьютерных систем,Промышленное программирование на языке Java,Дополнительные главы прикладной статистики,Дискретная оптимизация,Да,0.42152466367713,,,
2020-05-18 14:18:18.644,d9f0e5ebc6718202b86eaee2de1c697b,531,66,,0.0,0.0,Матричные вычисления,Высокопроизводительные вычисления,Язык SQL,Компьютерные сети,Системы баз данных,Численные методы,Да,0.9327354260089686,,,True
2020-05-18 14:37:56.162,47a0391ff6ee0a09d11e595266a4b630,679,65,,1.0,0.0,Матричные вычисления,Моделирование временных рядов,Язык SQL,Анализ данных в бизнесе,Численные методы,Промышленное программирование на языке Java,Да,0.273542600896861,,,
2020-05-18 14:44:19.586,fa4860bc719aadedbb00ba027067a8b7,642,67,,0.0,0.0,Безопасность компьютерных систем,Высокопроизводительные вычисления,Язык SQL,Компьютерные сети,Промышленное программирование на языке Java,Дискретная оптимизация,Да,0.4484304932735426,,,
2020-05-18 15:03:41.546,c98c2ee69047bd8febea3ac2d1380bf9,602,65,,0.0,0.0,Теория баз данных,Принятие решений в условиях риска и неопределённости,Язык SQL,Анализ данных в бизнесе,Системы баз данных,Компьютерные сети,Да,0.641255605381166,,,
2020-05-18 16:11:14.717,635e9ca4fcf26a2bd38b8488a8edfca5,555,66,,0.0,1.0,Сбор и обработка данных с помощью краудсорсинга,Безопасность компьютерных систем,Язык SQL,Дополнительные главы прикладной статистики,Системы баз данных,Компьютерные сети,Да,0.8475336322869955,,,
2020-05-18 16:45:06.205,081eba3952cfc116e0e9b941d6a974a2,692,62,,0.0,1.0,Безопасность компьютерных систем,Матричные вычисления,Теория баз данных,Промышленное программирование на языке Java,Дискретная оптимизация,Системы баз данных,Нет,0.2152466367713004,,,
2020-05-18 16:47:43.131,014b72217e20370dab7acc48b20c47be,543,66,,0.0,0.0,Сбор и обработка данных с помощью краудсорсинга,Statistical Learning Theory,Матричные вычисления,Системы баз данных,Машинное обучение 2,Дискретная оптимизация,Да,0.8923766816143498,,,
2020-05-18 16:55:16.783,ac3d08a6cc42a50f0ca53017b3ba5ba9,598,61,,0.0,0.0,Матричные вычисления,Язык SQL,Безопасность компьютерных систем,Компьютерные сети,Промышленное программирование на языке Java,Дискретная оптимизация,Да,0.6591928251121076,,,
2020-05-18 17:00:34.890,04b88fcbe5ba58aa8369c7de5e574de0,719,61,,0.0,0.0,Безопасность компьютерных систем,Моделирование временных рядов,Высокопроизводительные вычисления,Дискретная оптимизация,Компьютерные сети,Промышленное программирование на языке Java,Да,0.1210762331838565,,,
2020-05-18 17:01:49.352,9750aa503b095b9297e1a778d6c7cc95,576,66,,1.0,0.0,Язык SQL,Теория баз данных,Принятие решений в условиях риска и неопределённости,Анализ данных в бизнесе,Системы баз данных,Дискретная оптимизация,Да,0.757847533632287,,,
2020-05-18 17:09:23.589,3e106aaef8b24dbb01319c73e14c2936,784,62,,0.0,1.0,Безопасность компьютерных систем,Statistical Learning Theory,Матричные вычисления,Дискретная оптимизация,Промышленное программирование на языке Java,Дополнительные главы прикладной статистики,Да,0.0,,True,
2020-05-18 17:16:47.961,701078e1e897399f675e96bdda5fb149,636,68,,1.0,0.0,Сбор и обработка данных с помощью краудсорсинга,Принятие решений в условиях риска и неопределённости,Теория баз данных,Промышленное программирование на языке Java,Машинное обучение 2,Анализ данных в бизнесе,Да,0.4753363228699552,,True,
2020-05-18 17:16:57.130,86eebda725013685effcb0c97591132e,690,66,,0.0,0.0,Безопасность компьютерных систем,Язык SQL,Матричные вычисления,Машинное обучение 2,Промышленное программирование на языке Java,Системы баз данных,Да,0.2242152466367713,,,
2020-05-18 17:21:14.354,7f9d0f835bf734ccd4619041c3475c1c,689,62,,0.0,1.0,Безопасность компьютерных систем,Statistical Learning Theory,Матричные вычисления,Дискретная оптимизация,Дополнительные главы прикладной статистики,Промышленное программирование на языке Java,Нет,0.2286995515695067,,,
2020-05-18 17:22:56.786,bfe75c08c6b7e31d4e7d48c9c5fed69b,758,62,,0.0,1.0,Безопасность компьютерных систем,Statistical Learning Theory,Матричные вычисления,Дискретная оптимизация,Промышленное программирование на языке Java,Дополнительные главы прикладной статистики,Да,0.02242152466367708,,,
2020-05-18 17:32:12.074,651f2fa7d270b436246ddd7d05880bfa,755,62,,0.0,1.0,Теория баз данных,Моделирование временных рядов,Statistical Learning Theory,Дополнительные главы прикладной статистики,Численные методы,Системы баз данных,Да,0.0358744394618834,,True,
2020-05-18 17:51:56.025,9f23846141606a1e26e8e4c28e9a7262,527,67,,0.0,0.0,Безопасность компьютерных систем,Сбор и обработка данных с помощью краудсорсинга,Язык SQL,Компьютерные сети,Промышленное программирование на языке Java,Системы баз данных,Да,0.9506726457399103,,,
2020-05-18 17:53:08.611,6b3d72def53597696afb19faed1f8365,641,67,,0.0,0.0,Statistical Learning Theory,Матричные вычисления,Моделирование временных рядов,Дискретная оптимизация,Численные методы,Машинное обучение 2,Да,0.452914798206278,,,
2020-05-18 17:56:00.688,044e038535ae5d2ff037150b77fdc6d1,710,62,,0.0,1.0,Безопасность компьютерных систем,Statistical Learning Theory,Матричные вычисления,Дискретная оптимизация,Промышленное программирование на языке Java,Дополнительные главы прикладной статистики,Да,0.1390134529147982,,,
2020-05-18 18:01:52.604,fd784637a19d65bbe5b07d6efac5a05d,625,62,,0.0,0.0,Безопасность компьютерных систем,Statistical Learning Theory,Матричные вычисления,Машинное обучение 2,Дискретная оптимизация,Компьютерные сети,Да,0.5336322869955157,,,
2020-05-18 18:02:10.929,25bd5b6bb000f48b8276cbb942537386,668,66,,0.0,0.0,Безопасность компьютерных систем,Высокопроизводительные вычисления,Statistical Learning Theory,Машинное обучение 2,Дискретная оптимизация,Системы баз данных,Да,0.3228699551569507,,,
2020-05-18 18:03:57.347,e0ca1a9548af9a3f98428c62420aa484,764,62,,0.0,0.0,Матричные вычисления,Безопасность компьютерных систем,Statistical Learning Theory,Дискретная оптимизация,Дополнительные главы прикладной статистики,Машинное обучение 2,Да,0.004484304932735439,,True,
2020-05-18 18:06:29.107,6256514074c4680d1b14e4f2a863fd78,596,64,,0.0,0.0,Statistical Learning Theory,Язык SQL,Сбор и обработка данных с помощью краудсорсинга,Анализ данных в бизнесе,Численные методы,Дополнительные главы прикладной статистики,Да,0.6681614349775784,,,
2020-05-18 18:17:59.748,1f63fc485d851236249263b91dc03d6b,756,61,,0.0,1.0,Statistical Learning Theory,Матричные вычисления,Безопасность компьютерных систем,Дискретная оптимизация,Дополнительные главы прикладной статистики,Промышленное программирование на языке Java,Да,0.03139013452914796,,,
2020-05-18 18:24:10.335,425c2a90f447620c9a1868e92f0a7af6,760,62,,0.0,1.0,Сбор и обработка данных с помощью краудсорсинга,Язык SQL,Принятие решений в условиях риска и неопределённости,Промышленное программирование на языке Java,Дополнительные главы прикладной статистики,Анализ данных в бизнесе,Да,0.01345291479820632,,,
2020-05-18 18:29:57.440,88ae08d9db8d34b267780ed642d0d2db,581,68,,0.0,0.0,Statistical Learning Theory,Матричные вычисления,Теория баз данных,Дискретная оптимизация,Численные методы,Промышленное программирование на языке Java,Да,0.7354260089686099,,,
2020-05-18 18:30:23.257,cd8299f4173e8a509275b25787670ad2,704,61,,0.0,0.0,Безопасность компьютерных систем,Высокопроизводительные вычисления,Язык SQL,Дискретная оптимизация,Машинное обучение 2,Промышленное программирование на языке Java,Да,0.1614349775784754,,,
2020-05-18 18:53:41.094,5ee2ad618729a6dc3bdb7f2858826ef0,628,65,,0.0,0.0,Безопасность компьютерных систем,Язык SQL,Теория баз данных,Компьютерные сети,Промышленное программирование на языке Java,Дискретная оптимизация,Нет,0.5134529147982063,,,
2020-05-18 18:55:40.236,32fea7beb180e7de64ad408013cc01ec,539,65,,0.0,1.0,Безопасность компьютерных систем,Язык SQL,Матричные вычисления,Компьютерные сети,Промышленное программирование на языке Java,Системы баз данных,Да,0.9103139013452914,,,
2020-05-18 19:08:20.608,bf24738793f54467434ad78be13a42bf,693,64,,0.0,1.0,Безопасность компьютерных систем,Statistical Learning Theory,Матричные вычисления,Дополнительные главы прикладной статистики,Дискретная оптимизация,Промышленное программирование на языке Java,Да,0.2107623318385651,,,True
2020-05-18 19:09:00.945,f736e00dc03850c59649e77149895d5a,652,66,,0.0,0.0,Высокопроизводительные вычисления,Язык SQL,Безопасность компьютерных систем,Машинное обучение 2,Промышленное программирование на языке Java,Численные методы,Да,0.4035874439461884,,,
2020-05-18 19:16:43.914,d08d06bc5d31e35616fafc59de6f2e34,691,65,,0.0,1.0,Безопасность компьютерных систем,Матричные вычисления,Моделирование временных рядов,Промышленное программирование на языке Java,Компьютерные сети,Дополнительные главы прикладной статистики,Да,0.2197309417040358,,,
2020-05-18 19:23:23.735,ff549c331d45453052f28ad2614afda9,723,62,,0.0,0.0,Моделирование временных рядов,Теория баз данных,Матричные вычисления,Численные методы,Анализ данных в бизнесе,Промышленное программирование на языке Java,Да,0.1076233183856502,,,
2020-05-18 19:23:38.274,76d70b75a12f7b2ae593d02da6ed62ec,688,66,,0.0,0.0,Безопасность компьютерных систем,Моделирование временных рядов,Сбор и обработка данных с помощью краудсорсинга,Компьютерные сети,Машинное обучение 2,Системы баз данных,Да,0.2331838565022422,,,
2020-05-18 19:25:39.947,5a6f07c1f6186408b43f0f8e729168e9,632,66,,0.0,1.0,Моделирование временных рядов,Сбор и обработка данных с помощью краудсорсинга,Безопасность компьютерных систем,Компьютерные сети,Дополнительные главы прикладной статистики,Системы баз данных,Да,0.4932735426008968,,,
2020-05-18 19:30:54.801,cc8e710c871ae8236b8b8705e6840793,559,65,,0.0,0.0,Безопасность компьютерных систем,Теория баз данных,Язык SQL,Компьютерные сети,Анализ данных в бизнесе,Машинное обучение 2,Да,0.8340807174887892,,,
2020-05-18 19:34:58.494,8c191b9ac692c190f54e66167b0adc3e,620,64,,0.0,0.0,Statistical Learning Theory,Язык SQL,Принятие решений в условиях риска и неопределённости,Анализ данных в бизнесе,Дискретная оптимизация,Численные методы,Да,0.5560538116591929,,,
2020-05-18 19:35:49.258,1c1623a037bd523d687245e6060e6c5b,595,67,,0.0,0.0,Сбор и обработка данных с помощью краудсорсинга,Язык SQL,Теория баз данных,Промышленное программирование на языке Java,Машинное обучение 2,Компьютерные сети,Да,0.6726457399103138,,,
2020-05-18 19:36:10.039,d4c7805c20028b28a8e3713ccdeae2a1,702,67,,0.0,1.0,Матричные вычисления,Сбор и обработка данных с помощью краудсорсинга,Моделирование временных рядов,Дополнительные главы прикладной статистики,Дискретная оптимизация,Численные методы,Да,0.1704035874439462,,,
2020-05-18 19:36:51.479,f5d9f99cb876ca0888d18b6e444fa1b1,516,67,,0.0,0.0,Сбор и обработка данных с помощью краудсорсинга,Язык SQL,Теория баз данных,Промышленное программирование на языке Java,Машинное обучение 2,Компьютерные сети,Нет,0.9820627802690582,,,
2020-05-18 19:49:54.661,b3eb1cdc4beffbdd5b29a8d54d649bc0,731,65,,0.0,1.0,Безопасность компьютерных систем,Матричные вычисления,Моделирование временных рядов,Промышленное программирование на языке Java,Компьютерные сети,Дискретная оптимизация,Да,0.094170403587444,,,
2020-05-18 19:57:22.697,6f1c603284d031570af2e4be6c1afdcb,592,65,,0.0,0.0,Принятие решений в условиях риска и неопределённости,Высокопроизводительные вычисления,Язык SQL,Анализ данных в бизнесе,Компьютерные сети,Промышленное программирование на языке Java,Да,0.6860986547085202,,,
2020-05-18 19:58:10.994,26e72efe2995eb032a25561b2bf78600,604,67,,0.0,0.0,Безопасность компьютерных систем,Высокопроизводительные вычисления,Моделирование временных рядов,Машинное обучение 2,Компьютерные сети,Системы баз данных,Да,0.6322869955156951,,,
2020-05-18 20:03:03.972,a19f36ae8465cac527e8ce7b6ebf1213,541,63,,0.0,0.0,Язык SQL,Безопасность компьютерных систем,Теория баз данных,Промышленное программирование на языке Java,Компьютерные сети,Анализ данных в бизнесе,Да,0.9013452914798207,,,
2020-05-18 20:18:51.160,ecc19831d7abd064f0488a9af2521920,580,66,,0.0,0.0,Язык SQL,Принятие решений в условиях риска и неопределённости,Теория баз данных,Системы баз данных,Анализ данных в бизнесе,Компьютерные сети,Да,0.7399103139013453,,,
2020-05-18 20:21:28.386,2f8a48924249d2231659183d7654ed33,656,67,,0.0,0.0,Высокопроизводительные вычисления,Безопасность компьютерных систем,Statistical Learning Theory,Машинное обучение 2,Системы баз данных,Компьютерные сети,Да,0.3856502242152466,,,
2020-05-18 20:21:46.887,6cd7de3774f07c65e44668cdf7e987b6,557,63,,0.0,1.0,Моделирование временных рядов,Язык SQL,Высокопроизводительные вычисления,Промышленное программирование на языке Java,Анализ данных в бизнесе,Системы баз данных,Да,0.8430493273542601,,,
2020-05-18 20:26:39.021,2b0d7dd550bcca4c586cbb27d8478aa8,619,65,,0.0,0.0,Безопасность компьютерных систем,Сбор и обработка данных с помощью краудсорсинга,Матричные вычисления,Компьютерные сети,Промышленное программирование на языке Java,Анализ данных в бизнесе,Да,0.5605381165919283,,,
2020-05-18 20:34:07.220,fc2c60b8004aa91bc272df84628621ff,639,63,,0.0,1.0,Язык SQL,Сбор и обработка данных с помощью краудсорсинга,Statistical Learning Theory,Системы баз данных,Машинное обучение 2,Анализ данных в бизнесе,Нет,0.4618834080717489,,,
2020-05-18 20:47:03.363,bb94ed5af639819dac15574197c80da3,534,64,,0.0,0.0,Теория баз данных,Моделирование временных рядов,Принятие решений в условиях риска и неопределённости,Анализ данных в бизнесе,Численные методы,Системы баз данных,Да,0.9237668161434978,,,True
2020-05-18 20:48:02.936,59347ad5e9d8099a9a8fa58b841bdf05,708,64,,1.0,0.0,Моделирование временных рядов,Теория баз данных,Принятие решений в условиях риска и неопределённости,Анализ данных в бизнесе,Численные методы,Системы баз данных,Да,0.1434977578475336,,,
2020-05-18 20:50:49.049,5a6dfaade650ca8bb2d081342df303e8,549,65,,0.0,0.0,Безопасность компьютерных систем,Язык SQL,Матричные вычисления,Промышленное программирование на языке Java,Дополнительные главы прикладной статистики,Машинное обучение 2,Нет,0.8699551569506727,,,
2020-05-18 20:50:53.471,72e79e6a79cb4025077b371cc6e54247,551,64,,0.0,0.0,Теория баз данных,Безопасность компьютерных систем,Statistical Learning Theory,Промышленное программирование на языке Java,Анализ данных в бизнесе,Численные методы,Да,0.8654708520179373,,,
2020-05-18 20:57:09.583,42df9e301b39e4295fe849aa2abdfc7c,613,61,,0.0,0.0,Высокопроизводительные вычисления,Теория баз данных,Безопасность компьютерных систем,Промышленное программирование на языке Java,Компьютерные сети,Численные методы,Нет,0.5919282511210762,,,
2020-05-18 21:02:28.759,5c49473012411a1eee72f8ea63767adf,573,63,,0.0,0.0,Безопасность компьютерных систем,Язык SQL,Теория баз данных,Промышленное программирование на языке Java,Компьютерные сети,Дискретная оптимизация,Нет,0.773542600896861,,,
2020-05-18 21:10:54.229,25a3ce0eea214df2aa6d25d395d594f0,644,63,,0.0,0.0,Моделирование временных рядов,Матричные вычисления,Язык SQL,Промышленное программирование на языке Java,Дополнительные главы прикладной статистики,Анализ данных в бизнесе,Да,0.4394618834080718,,,
2020-05-18 21:12:00.134,be4fa2120de3397ae21eac38ff0060e3,502,67,,0.0,0.0,Безопасность компьютерных систем,Язык SQL,Матричные вычисления,Промышленное программирование на языке Java,Численные методы,Машинное обучение 2,Да,0.9910313901345291,,,
2020-05-18 21:12:29.736,ac4e2062ca444a506991c212bd2dd872,562,67,,0.0,0.0,Безопасность компьютерных систем,Язык SQL,Матричные вычисления,Промышленное программирование на языке Java,Анализ данных в бизнесе,Численные методы,Нет,0.8161434977578476,,,
2020-05-18 21:13:08.747,9c2251ef9825947b98265e4bfa887bcf,658,68,,0.0,0.0,Безопасность компьютерных систем,Матричные вычисления,Statistical Learning Theory,Дискретная оптимизация,Промышленное программирование на языке Java,Компьютерные сети,Да,0.3766816143497758,,,
2020-05-18 21:15:01.777,f0db08ec702a03450390efdca4166cc2,603,65,,0.0,1.0,Язык SQL,Матричные вычисления,Сбор и обработка данных с помощью краудсорсинга,Промышленное программирование на языке Java,Дискретная оптимизация,Компьютерные сети,Нет,0.6367713004484306,,,
2020-05-18 21:15:58.617,a6ce02b12540bca3cdd15757f8a2e919,597,65,,0.0,0.0,Безопасность компьютерных систем,Сбор и обработка данных с помощью краудсорсинга,Матричные вычисления,Компьютерные сети,Промышленное программирование на языке Java,Анализ данных в бизнесе,Да,0.663677130044843,,,
2020-05-18 21:17:01.633,f3cc62fabaa597e8fe0b20ac2e6f46d3,742,62,,0.0,1.0,Безопасность компьютерных систем,Язык SQL,Теория баз данных,Промышленное программирование на языке Java,Дискретная оптимизация,Компьютерные сети,Да,0.05829596412556048,,,
2020-05-18 21:19:50.620,feb53dcdd28fff9dc4a981c3419fea6f,521,66,,1.0,0.0,Безопасность компьютерных систем,Язык SQL,Сбор и обработка данных с помощью краудсорсинга,Промышленное программирование на языке Java,Анализ данных в бизнесе,Машинное обучение 2,Нет,0.968609865470852,,,True
2020-05-18 21:24:21.198,876b1fbacdfe36cb2e3927aea554b1ff,660,67,,1.0,0.0,Моделирование временных рядов,Сбор и обработка данных с помощью краудсорсинга,Теория баз данных,Анализ данных в бизнесе,Системы баз данных,Промышленное программирование на языке Java,Да,0.3632286995515696,,,
2020-05-18 21:24:23.667,6ed89e424179b0510e3f7c0cb7369ad6,558,67,,0.0,1.0,Моделирование временных рядов,Матричные вычисления,Язык SQL,Анализ данных в бизнесе,Промышленное программирование на языке Java,Машинное обучение 2,Да,0.8385650224215246,,,
2020-05-18 21:26:52.105,e83471de8976e4fcfccf4ef417f07192,661,67,,0.0,0.0,Сбор и обработка данных с помощью краудсорсинга,Матричные вычисления,Моделирование временных рядов,Системы баз данных,Дополнительные главы прикладной статистики,Анализ данных в бизнесе,Да,0.3587443946188341,,,
2020-05-18 21:27:02.445,ffc58d371e2f52e1c7f45d49d3d629d0,659,67,,0.0,1.0,Матричные вычисления,Сбор и обработка данных с помощью краудсорсинга,Моделирование временных рядов,Системы баз данных,Промышленное программирование на языке Java,Дополнительные главы прикладной статистики,Нет,0.3699551569506726,,,
2020-05-18 21:31:54.983,aa21f50934a72e00bbc7e65a54ea0bcc,666,63,,0.0,0.0,Безопасность компьютерных систем,Высокопроизводительные вычисления,Матричные вычисления,Машинное обучение 2,Компьютерные сети,Дискретная оптимизация,Нет,0.3318385650224215,,,
2020-05-18 21:35:05.042,a69948a1730e412eab71a4d4e70791e2,663,68,,0.0,0.0,Моделирование временных рядов,Матричные вычисления,Язык SQL,Машинное обучение 2,Дополнительные главы прикладной статистики,Анализ данных в бизнесе,Да,0.3497757847533632,,,
2020-05-18 21:36:30.617,2826fc94cd575c8f7b0a2416506e70e5,614,65,,0.0,0.0,Высокопроизводительные вычисления,Безопасность компьютерных систем,Теория баз данных,Дискретная оптимизация,Машинное обучение 2,Компьютерные сети,Да,0.5874439461883407,,,
2020-05-18 21:38:00.271,b3e75ee2a708cef65cc2f80da894dd50,560,67,,0.0,0.0,Безопасность компьютерных систем,Моделирование временных рядов,Язык SQL,Анализ данных в бизнесе,Промышленное программирование на языке Java,Численные методы,Да,0.8295964125560538,,,
2020-05-18 21:41:33.419,ea9d7e5f21ee102565b1437b26eb1144,582,63,,0.0,0.0,Язык SQL,Сбор и обработка данных с помощью краудсорсинга,Высокопроизводительные вычисления,Промышленное программирование на языке Java,Дополнительные главы прикладной статистики,Анализ данных в бизнесе,Да,0.7309417040358744,,,
2020-05-18 21:44:47.061,760529fb42ad1fd50071e2ceeadaaedc,570,68,,0.0,0.0,Язык SQL,Сбор и обработка данных с помощью краудсорсинга,Моделирование временных рядов,Промышленное программирование на языке Java,Машинное обучение 2,Компьютерные сети,Нет,0.7847533632286996,,,
2020-05-18 21:45:31.019,b8dab0479a00af2eb75deaf54dd9a442,697,68,,1.0,0.0,Моделирование временных рядов,Язык SQL,Сбор и обработка данных с помощью краудсорсинга,Промышленное программирование на языке Java,Дополнительные главы прикладной статистики,Дискретная оптимизация,Да,0.1883408071748879,,,
2020-05-18 21:47:05.660,9fa4bc4eb50e574e88b670a86781860b,600,68,,0.0,0.0,Язык SQL,Высокопроизводительные вычисления,Сбор и обработка данных с помощью краудсорсинга,Промышленное программирование на языке Java,Компьютерные сети,Машинное обучение 2,Нет,0.6502242152466368,,,
2020-05-18 21:49:22.233,f8fab519d78047712c06798c8b7fe38f,561,65,,1.0,0.0,Моделирование временных рядов,Теория баз данных,Язык SQL,Промышленное программирование на языке Java,Машинное обучение 2,Компьютерные сети,Нет,0.8228699551569507,,,
2020-05-18 21:51:40.811,b6fcd3cdcbbd950b4207acb65ee12d03,737,62,,0.0,1.0,Безопасность компьютерных систем,Матричные вычисления,Язык SQL,Промышленное программирование на языке Java,Компьютерные сети,Дополнительные главы прикладной статистики,Да,0.0717488789237668,,,
2020-05-18 21:51:52.845,9015b809a29fb65ce23d7addf16d770d,665,68,,1.0,0.0,Язык SQL,Моделирование временных рядов,Матричные вычисления,Машинное обучение 2,Промышленное программирование на языке Java,Компьютерные сети,Нет,0.3385650224215246,,,
2020-05-18 21:53:48.048,cabc5ea85cac3029dc2aecc4955f9cf3,686,62,,0.0,1.0,Безопасность компьютерных систем,Сбор и обработка данных с помощью краудсорсинга,Язык SQL,Дискретная оптимизация,Промышленное программирование на языке Java,Компьютерные сети,Да,0.242152466367713,,,
2020-05-18 21:54:53.944,ac2fd77f2ec0186c95f16e6721fd5998,533,64,,0.0,1.0,Безопасность компьютерных систем,Матричные вычисления,Сбор и обработка данных с помощью краудсорсинга,Системы баз данных,Компьютерные сети,Дополнительные главы прикладной статистики,Да,0.9282511210762332,,,
2020-05-18 21:56:01.890,6257850b5decedd464341a5b763e3b4a,631,64,,0.0,0.0,Теория баз данных,Безопасность компьютерных систем,Моделирование временных рядов,Машинное обучение 2,Промышленное программирование на языке Java,Компьютерные сети,Да,0.4977578475336323,,,
2020-05-18 21:57:39.924,7f8feb54319e52cb63ad437f4128a9d8,540,66,,0.0,0.0,Сбор и обработка данных с помощью краудсорсинга,Безопасность компьютерных систем,Язык SQL,Машинное обучение 2,Компьютерные сети,Системы баз данных,Да,0.905829596412556,,,
2020-05-18 21:59:29.361,f0f01fe07310ce6f403894eb624ac323,657,63,,0.0,0.0,Высокопроизводительные вычисления,Язык SQL,Принятие решений в условиях риска и неопределённости,Промышленное программирование на языке Java,Системы баз данных,Анализ данных в бизнесе,Нет,0.3811659192825112,,,
2020-05-18 21:59:48.193,723d5f32b699c971b4095a017c883ffa,759,64,,0.0,1.0,Statistical Learning Theory,Безопасность компьютерных систем,Матричные вычисления,Дополнительные главы прикладной статистики,Дискретная оптимизация,Численные методы,Да,0.01793721973094176,,,
2020-05-18 22:00:56.974,67e3336ac46b6030f7b25853154783c6,740,61,,0.0,0.0,Безопасность компьютерных систем,Высокопроизводительные вычисления,Матричные вычисления,Дискретная оптимизация,Машинное обучение 2,Системы баз данных,Да,0.06726457399103136,,,
2020-05-18 22:05:04.310,1ed2386f4de225ae7aa6cfd5772d9c50,548,63,,0.0,0.0,Моделирование временных рядов,Сбор и обработка данных с помощью краудсорсинга,Матричные вычисления,Дополнительные главы прикладной статистики,Численные методы,Анализ данных в бизнесе,Да,0.874439461883408,,,
2020-05-18 22:08:11.668,00b40fe7dbfd23e5daba765244509415,542,67,,0.0,0.0,Безопасность компьютерных систем,Язык SQL,Матричные вычисления,Промышленное программирование на языке Java,Компьютерные сети,Анализ данных в бизнесе,Да,0.8968609865470852,,,
2020-05-18 22:08:14.176,cfe9fd28e4cbe0b46594b21f3067e30a,553,68,,0.0,0.0,Язык SQL,Сбор и обработка данных с помощью краудсорсинга,Высокопроизводительные вычисления,Промышленное программирование на языке Java,Анализ данных в бизнесе,Системы баз данных,Да,0.8565022421524664,,,
2020-05-18 22:09:23.107,f81cc449798c2d8971612dc9a749ad2a,637,66,,0.0,0.0,Высокопроизводительные вычисления,Язык SQL,Моделирование временных рядов,Компьютерные сети,Анализ данных в бизнесе,Дискретная оптимизация,Нет,0.4708520179372198,,,
2020-05-18 22:09:59.005,dbcac463fe0b6294743107a9e74356c5,525,66,,0.0,0.0,Сбор и обработка данных с помощью краудсорсинга,Безопасность компьютерных систем,Моделирование временных рядов,Машинное обучение 2,Компьютерные сети,Промышленное программирование на языке Java,Нет,0.9551569506726457,,,
2020-05-18 22:15:33.760,68f1b5165e9e310fcf920fb903117061,638,68,,1.0,0.0,Моделирование временных рядов,Сбор и обработка данных с помощью краудсорсинга,Язык SQL,Промышленное программирование на языке Java,Анализ данных в бизнесе,Компьютерные сети,Да,0.4663677130044843,,,
2020-05-18 22:15:41.331,b4f1f195bd1bc63490a7bc42275a71cd,536,67,,0.0,0.0,Высокопроизводительные вычисления,Безопасность компьютерных систем,Язык SQL,Компьютерные сети,Промышленное программирование на языке Java,Дискретная оптимизация,Да,0.9192825112107623,,,True
2020-05-18 22:17:10.606,54b211907aac0ebbb8f853ab1fc4eecb,676,65,,0.0,0.0,Сбор и обработка данных с помощью краудсорсинга,Безопасность компьютерных систем,Statistical Learning Theory,Машинное обучение 2,Системы баз данных,Промышленное программирование на языке Java,Да,0.2869955156950673,,,
2020-05-18 22:20:36.242,c7544f6c00a5164efdef675410d62e94,586,63,,0.0,0.0,Язык SQL,Теория баз данных,Безопасность компьютерных систем,Промышленное программирование на языке Java,Дискретная оптимизация,Компьютерные сети,Да,0.7130044843049328,,,
2020-05-18 22:24:55.160,f2ed8115db45ef795ced2701fa86515d,574,67,,0.0,0.0,Безопасность компьютерных систем,Высокопроизводительные вычисления,Statistical Learning Theory,Компьютерные сети,Системы баз данных,Машинное обучение 2,Да,0.7668161434977578,,,
2020-05-18 22:29:14.162,40b18d40197e3db66312a026e06b8ff1,515,68,,0.0,0.0,Безопасность компьютерных систем,Язык SQL,Сбор и обработка данных с помощью краудсорсинга,Промышленное программирование на языке Java,Компьютерные сети,Анализ данных в бизнесе,Нет,0.9865470852017937,,,
2020-05-18 22:32:20.002,851497aadac83e844753bb3b2163c79b,654,63,,0.0,0.0,Безопасность компьютерных систем,Высокопроизводительные вычисления,Язык SQL,Промышленное программирование на языке Java,Компьютерные сети,Системы баз данных,Да,0.3946188340807175,,,
2020-05-18 22:35:46.073,ddea5295ac96e74f05982e47c7ab4ff4,607,65,,0.0,0.0,Моделирование временных рядов,Безопасность компьютерных систем,Сбор и обработка данных с помощью краудсорсинга,Промышленное программирование на языке Java,Машинное обучение 2,Анализ данных в бизнесе,Да,0.6188340807174888,,,
2020-05-18 22:36:17.913,227347077a7d1d0544ddf5643b97cf8c,633,65,,0.0,0.0,Безопасность компьютерных систем,Сбор и обработка данных с помощью краудсорсинга,Матричные вычисления,Машинное обучение 2,Промышленное программирование на языке Java,Системы баз данных,Да,0.4887892376681614,,,
2020-05-18 22:48:12.780,73fc0f1b300e6e49167b5f771586fe20,643,63,,0.0,0.0,Высокопроизводительные вычисления,Безопасность компьютерных систем,Язык SQL,Промышленное программирование на языке Java,Компьютерные сети,Системы баз данных,Да,0.4439461883408071,,,
2020-05-18 22:51:34.323,8aa0f1b7331b49464174b02cd693be52,567,67,,0.0,0.0,Безопасность компьютерных систем,Язык SQL,Теория баз данных,Компьютерные сети,Промышленное программирование на языке Java,Системы баз данных,Нет,0.7959641255605381,,,
2020-05-18 22:52:21.920,5d9b916c90c54a5cba29b2618a029e66,687,66,,0.0,1.0,Сбор и обработка данных с помощью краудсорсинга,Матричные вычисления,Безопасность компьютерных систем,Промышленное программирование на языке Java,Компьютерные сети,Дополнительные главы прикладной статистики,Да,0.2376681614349776,,,
2020-05-18 22:56:27.522,6388c7920a7d454d2db81430f1f231c4,599,63,,0.0,0.0,Безопасность компьютерных систем,Матричные вычисления,Моделирование временных рядов,Промышленное программирование на языке Java,Компьютерные сети,Дискретная оптимизация,Да,0.6547085201793722,,,
2020-05-18 23:01:03.214,abceddfa2fc4eae8cff4a4e712abb3fb,664,63,,0.0,1.0,Моделирование временных рядов,Принятие решений в условиях риска и неопределённости,Statistical Learning Theory,Машинное обучение 2,Промышленное программирование на языке Java,Дополнительные главы прикладной статистики,Да,0.3452914798206278,,,
2020-05-18 23:02:55.289,6541d659f05e45043d1b65e98e16a718,681,62,,0.0,1.0,Безопасность компьютерных систем,Матричные вычисления,Язык SQL,Компьютерные сети,Промышленное программирование на языке Java,Дискретная оптимизация,Да,0.2645739910313901,,,
2020-05-18 23:07:27.782,45bb9abd8d10c9b079317e6807b53ea9,677,63,,0.0,0.0,Высокопроизводительные вычисления,Язык SQL,Безопасность компьютерных систем,Компьютерные сети,Промышленное программирование на языке Java,Системы баз данных,Да,0.2825112107623319,,,
2020-05-18 23:09:34.102,5a66e3b77559d14dd20fc4df99671688,564,63,,0.0,0.0,Язык SQL,Высокопроизводительные вычисления,Теория баз данных,Компьютерные сети,Промышленное программирование на языке Java,Дискретная оптимизация,Да,0.8071748878923767,,,
2020-05-18 23:10:18.303,8a1162ce3c94d8974210a24f4b4f5f74,707,62,,0.0,1.0,Сбор и обработка данных с помощью краудсорсинга,Язык SQL,Безопасность компьютерных систем,Промышленное программирование на языке Java,Дополнительные главы прикладной статистики,Анализ данных в бизнесе,Да,0.147982062780269,,,
2020-05-18 23:10:31.329,3d67beeab64f7fe112a8d9e41efbe916,705,63,,0.0,1.0,Безопасность компьютерных систем,Сбор и обработка данных с помощью краудсорсинга,Язык SQL,Промышленное программирование на языке Java,Компьютерные сети,Дискретная оптимизация,Да,0.1569506726457399,,,
2020-05-18 23:11:05.179,813663487952e66e7c39d29b0931206d,585,63,,0.0,0.0,Язык SQL,Высокопроизводительные вычисления,Теория баз данных,Компьютерные сети,Промышленное программирование на языке Java,Дискретная оптимизация,Да,0.7174887892376682,,,
2020-05-18 23:22:00.010,1c91e6c5375cf4a1cba48bdca79f7a78,714,66,,0.0,1.0,Сбор и обработка данных с помощью краудсорсинга,Язык SQL,Матричные вычисления,Промышленное программирование на языке Java,Дополнительные главы прикладной статистики,Анализ данных в бизнесе,Да,0.1300448430493274,,,
2020-05-18 23:25:19.491,a1184a8dbbf9a7418b634339bed7e9b1,629,63,,0.0,0.0,Сбор и обработка данных с помощью краудсорсинга,Язык SQL,Безопасность компьютерных систем,Компьютерные сети,Промышленное программирование на языке Java,Системы баз данных,Нет,0.5067264573991032,,,
2020-05-18 23:30:27.005,7bf79897c5645954846e2e03ec803887,653,66,,0.0,1.0,Безопасность компьютерных систем,Язык SQL,Сбор и обработка данных с помощью краудсорсинга,Дискретная оптимизация,Компьютерные сети,Промышленное программирование на языке Java,Да,0.399103139013453,,,
2020-05-18 23:31:33.712,7e844607673355cefa63252f558b69cb,674,61,,0.0,1.0,Безопасность компьютерных систем,Высокопроизводительные вычисления,Теория баз данных,Компьютерные сети,Системы баз данных,Промышленное программирование на языке Java,Да,0.2959641255605381,,,
2020-05-18 23:31:58.531,79d226799eb1a34d5083fcc0ca933952,720,67,,0.0,1.0,Безопасность компьютерных систем,Сбор и обработка данных с помощью краудсорсинга,Язык SQL,Промышленное программирование на языке Java,Компьютерные сети,Системы баз данных,Да,0.1165919282511211,,,
2020-05-18 23:35:28.235,86c24daaa62246142d46ee58534a65e0,530,64,,0.0,0.0,Сбор и обработка данных с помощью краудсорсинга,Моделирование временных рядов,Теория баз данных,Анализ данных в бизнесе,Численные методы,Системы баз данных,Нет,0.9394618834080718,,,
2020-05-18 23:38:11.238,f941beb89ecc5c59076bcfa79691116c,610,66,,1.0,0.0,Теория баз данных,Принятие решений в условиях риска и неопределённости,Сбор и обработка данных с помощью краудсорсинга,Промышленное программирование на языке Java,Анализ данных в бизнесе,Системы баз данных,Да,0.6053811659192825,,,
2020-05-18 23:38:34.999,162cbdeec1b766ab857df93cdf9d65f4,554,63,,0.0,0.0,Язык SQL,Сбор и обработка данных с помощью краудсорсинга,Матричные вычисления,Анализ данных в бизнесе,Промышленное программирование на языке Java,Машинное обучение 2,Да,0.852017937219731,,,
2020-05-18 23:40:12.709,addc4cb9d1641fa3f5dc02329c7e8d6c,671,65,,0.0,0.0,Моделирование временных рядов,Язык SQL,Теория баз данных,Машинное обучение 2,Промышленное программирование на языке Java,Численные методы,Да,0.3094170403587444,,,
2020-05-18 23:43:04.866,4ab8340cfb08da86c14a2cc3c3fad908,683,62,,0.0,1.0,Statistical Learning Theory,Безопасность компьютерных систем,Язык SQL,Дискретная оптимизация,Промышленное программирование на языке Java,Анализ данных в бизнесе,Да,0.2556053811659192,,,
2020-05-18 23:43:49.020,2b844a1be49f4ed2d578fb50b752883b,685,64,,0.0,1.0,Безопасность компьютерных систем,Матричные вычисления,Высокопроизводительные вычисления,Дополнительные главы прикладной статистики,Дискретная оптимизация,Промышленное программирование на языке Java,Да,0.2466367713004485,,,
2020-05-18 23:47:37.254,b75b5f8abebf7faf4adbb6247d6d03bb,590,64,,1.0,0.0,Безопасность компьютерных систем,Statistical Learning Theory,Сбор и обработка данных с помощью краудсорсинга,Анализ данных в бизнесе,Компьютерные сети,Машинное обучение 2,Нет,0.695067264573991,,,
2020-05-18 23:48:02.373,95cf121698ebc89ac0cf74625d714d1d,696,63,,0.0,0.0,Безопасность компьютерных систем,Теория баз данных,Высокопроизводительные вычисления,Промышленное программирование на языке Java,Системы баз данных,Компьютерные сети,Да,0.1928251121076233,,,
2020-05-18 23:51:24.574,bc4974fa622838af7586a7b67d1f3a28,617,68,,0.0,0.0,Высокопроизводительные вычисления,Язык SQL,Сбор и обработка данных с помощью краудсорсинга,Компьютерные сети,Промышленное программирование на языке Java,Машинное обучение 2,Да,0.5695067264573991,,,
2020-05-18 23:53:18.550,d5557a9bcd58a786fa8d5aab48b82ddf,718,66,,0.0,1.0,Безопасность компьютерных систем,Моделирование временных рядов,Язык SQL,Компьютерные сети,Промышленное программирование на языке Java,Дискретная оптимизация,Нет,0.125560538116592,,,
2020-05-18 23:54:02.617,6a93b58f867db41e822a03c26c1bd428,577,68,,0.0,0.0,Сбор и обработка данных с помощью краудсорсинга,Принятие решений в условиях риска и неопределённости,Высокопроизводительные вычисления,Системы баз данных,Численные методы,Анализ данных в бизнесе,Да,0.7533632286995515,,,
2020-05-18 23:55:41.196,47e2d8bbb630bc2d9b3fbf98fe77cffb,616,68,,0.0,0.0,Сбор и обработка данных с помощью краудсорсинга,Язык SQL,Высокопроизводительные вычисления,Компьютерные сети,Промышленное программирование на языке Java,Машинное обучение 2,Нет,0.5762331838565022,,,
2020-05-18 23:55:54.625,5ab47e4eef1a7c1899da4da200049038,649,64,,1.0,0.0,Моделирование временных рядов,Матричные вычисления,Принятие решений в условиях риска и неопределённости,Численные методы,Анализ данных в бизнесе,Дополнительные главы прикладной статистики,Да,0.4170403587443946,,,
2020-05-18 23:59:29.314,f7f123322f77fd451a30ed4979c323fc,578,65,,0.0,0.0,Язык SQL,Безопасность компьютерных систем,Теория баз данных,Промышленное программирование на языке Java,Компьютерные сети,Системы баз данных,Нет,0.7488789237668161,,,
2020-05-19 00:00:51.191,840e108d7366fbf4f985f267c74ad523,675,68,,0.0,0.0,Высокопроизводительные вычисления,Сбор и обработка данных с помощью краудсорсинга,Язык SQL,Компьютерные сети,Промышленное программирование на языке Java,Машинное обучение 2,Нет,0.2914798206278026,,,
2020-05-19 00:09:12.146,efc406545c2b0e958ec89b4c1e4f7a28,615,67,,0.0,0.0,Безопасность компьютерных систем,Язык SQL,Высокопроизводительные вычисления,Системы баз данных,Компьютерные сети,Машинное обучение 2,Да,0.5829596412556054,,,
2020-05-19 00:21:41.444,cef7df6fa798b759b2a5763b7d0c5d38,750,61,,0.0,0.0,Матричные вычисления,Statistical Learning Theory,Высокопроизводительные вычисления,Компьютерные сети,Дискретная оптимизация,Промышленное программирование на языке Java,Да,0.04932735426008972,,,
2020-05-19 00:22:56.525,04f9a2dd035a040318ecd064959df3a0,757,62,,0.0,1.0,Безопасность компьютерных систем,Сбор и обработка данных с помощью краудсорсинга,Statistical Learning Theory,Промышленное программирование на языке Java,Компьютерные сети,Дискретная оптимизация,Да,0.02690582959641252,,,
2020-05-19 00:23:18.680,c7f617262a8d9350bcbba27f6d65d86a,587,61,,0.0,0.0,Высокопроизводительные вычисления,Безопасность компьютерных систем,Язык SQL,Машинное обучение 2,Машинное обучение 2,Компьютерные сети,Нет,0.7085201793721974,,,
2020-05-19 00:23:26.728,bbc73542db4946bde4d115b4dd944427,609,61,,0.0,0.0,Высокопроизводительные вычисления,Безопасность компьютерных систем,Язык SQL,Машинное обучение 2,Компьютерные сети,Дискретная оптимизация,Нет,0.6098654708520179,,,
2020-05-19 01:06:33.901,b5548f676fbdd51ea08b8c3cc6c81105,583,68,,0.0,0.0,Безопасность компьютерных систем,Сбор и обработка данных с помощью краудсорсинга,Язык SQL,Компьютерные сети,Системы баз данных,Системы баз данных,Да,0.726457399103139,,,
2020-05-19 01:15:42.891,1386d00c9c8229c2be3c0956949ee122,545,61,,0.0,0.0,Statistical Learning Theory,Моделирование временных рядов,Сбор и обработка данных с помощью краудсорсинга,Машинное обучение 2,Дискретная оптимизация,Численные методы,Да,0.8878923766816144,,,
2020-05-19 03:24:28.918,c154bbf18efdd4d760e52155eaa87929,635,65,,1.0,0.0,Безопасность компьютерных систем,Сбор и обработка данных с помощью краудсорсинга,Высокопроизводительные вычисления,Компьютерные сети,Машинное обучение 2,Промышленное программирование на языке Java,Да,0.4798206278026906,,,
2020-05-19 18:12:01.600,4d7035f3a6d0c55c4fbcf4031679545a,621,61,,0.0,0.0,Язык SQL,Statistical Learning Theory,Высокопроизводительные вычисления,Машинное обучение 2,Компьютерные сети,Анализ данных в бизнесе,Да,0.5515695067264574,,,
2020-05-20 11:34:10.787,7a21ef645ecb42198be493dd65320e78,495,68,,0.0,0.0,Принятие решений в условиях риска и неопределённости,Язык SQL,Сбор и обработка данных с помощью краудсорсинга,Анализ данных в бизнесе,Промышленное программирование на языке Java,Дополнительные главы прикладной статистики,Да,0.9955156950672646,,,True
2020-05-20 11:49:38.801,bd416140ecdb32b6dbd7f40820bf63b1,518,65,,0.0,0.0,Безопасность компьютерных систем,Теория баз данных,Язык SQL,Машинное обучение 2,Компьютерные сети,Промышленное программирование на языке Java,Да,0.9775784753363229,,,
2020-05-20 11:57:07.326,e6f5eb76b34e7ab7bac753e6cb0a2279,634,64,,0.0,0.0,Теория баз данных,Безопасность компьютерных систем,Моделирование временных рядов,Компьютерные сети,Промышленное программирование на языке Java,Анализ данных в бизнесе,Да,0.484304932735426,,,
2020-05-21 16:33:15.899,1341f488fae5f1ccf164960fd6506cd0,584,68,,0.0,0.0,Язык SQL,Теория баз данных,Безопасность компьютерных систем,Промышленное программирование на языке Java,Компьютерные сети,Системы баз данных,Да,0.7219730941704036,,,
2020-05-24 01:21:31.946,04bcb5c9d23813ffa940e1febb27fadc,646,66,,0.0,0.0,Теория баз данных,Высокопроизводительные вычисления,Безопасность компьютерных систем,Компьютерные сети,Дискретная оптимизация,Машинное обучение 2,Нет,0.4304932735426009,,,
2020-05-24 01:23:31.946,9d19b0d5f4fc8d7edc2258406f872c4e,695,68,,0.0,0.0,Безопасность компьютерных систем,Язык SQL,Высокопроизводительные вычисления,Компьютерные сети,Дискретная оптимизация,Численные методы,,0.1973094170403588,,,
2020-05-14 20:23:21.662,d555d2805e1d93d4f023e57dc4c8f403,996,,42,0.0,0.0,Безопасность компьютерных систем,Глубинное обучение в обработке звука,Байесовские методы машинного обучения,Компьютерное зрение,Обучение с подкреплением,Проектирование и разработка высоконагруженных сервисов,Да,0.9637681159420289,DevOps,,True
2020-05-14 20:47:13.833,253bbe1a2021d0404712a1e4acd22939,1106,,46,0.0,0.0,Безопасность компьютерных систем,Моделирование временных рядов,Statistical Learning Theory,Проектирование и разработка высоконагруженных сервисов,Численные методы,Методы сжатия и передачи медиаданных,Да,0.6739130434782609,DevOps,,
2020-05-14 20:52:42.734,881b1a6fda195b354ae2edb396a69f5d,1084,,42,0.0,0.0,Безопасность компьютерных систем,Анализ неструктурированных данных,Глубинное обучение в обработке звука,Компьютерное зрение,Проектирование и разработка высоконагруженных сервисов,Генеративные модели в машинном обучении,Да,0.782608695652174,DevOps,,
2020-05-14 21:03:02.916,5a9b8ac11ad05b39a58b0e04a263bf4c,1170,,41,0.0,0.0,Глубинное обучение в обработке звука,Statistical Learning Theory,Сбор и обработка данных с помощью краудсорсинга,Конфликты и кооперация,Обучение с подкреплением,Генеративные модели в машинном обучении,Да,0.4420289855072463,DevOps,,
2020-05-14 21:10:54.945,1bbbfae51794b83c769b634be8da7b8d,1078,,46,0.0,0.0,Безопасность компьютерных систем,Высокопроизводительные вычисления,Анализ неструктурированных данных,Проектирование и разработка высоконагруженных сервисов,Методы сжатия и передачи медиаданных,Конфликты и кооперация,Да,0.7898550724637681,DevOps,,
2020-05-14 21:10:58.417,8c3aa7371731bef999519c3de2c47423,1101,,46,0.0,0.0,Безопасность компьютерных систем,Высокопроизводительные вычисления,Анализ неструктурированных данных,Проектирование и разработка высоконагруженных сервисов,Методы сжатия и передачи медиаданных,Конфликты и кооперация,Да,0.6956521739130435,DevOps,,
2020-05-14 21:11:10.168,1b7e1b30238f393811a2b48c6f6a060f,1129,,45,0.0,0.0,Высокопроизводительные вычисления,Безопасность компьютерных систем,Сбор и обработка данных с помощью краудсорсинга,Проектирование и разработка высоконагруженных сервисов,Методы сжатия и передачи медиаданных,Компьютерное зрение,Да,0.5942028985507246,DevOps,,
2020-05-14 21:22:23.394,d670dfbe253658a4e427a5569c59de9e,1209,,45,0.0,0.0,Высокопроизводительные вычисления,Безопасность компьютерных систем,Принятие решений в условиях риска и неопределённости,Проектирование и разработка высоконагруженных сервисов,Методы сжатия и передачи медиаданных,Конфликты и кооперация,Да,0.2681159420289855,DevOps,,
2020-05-14 21:52:43.844,3a7326c9e355a67d3805824ca34c4bc5,1457,,43,0.0,0.0,Statistical Learning Theory,Высокопроизводительные вычисления,Statistical Learning Theory,Символьные вычисления,Численные методы,Символьные вычисления,Да,0.561248557336586,Введение в дифференциальную геометрию,True,
2020-05-14 22:00:50.760,2ca6917be428f8b84f6f15cdcbea2143,1071,,42,0.0,0.0,Анализ неструктурированных данных,Глубинное обучение в обработке звука,Высокопроизводительные вычисления,Проектирование и разработка высоконагруженных сервисов,Обучение с подкреплением,Генеративные модели в машинном обучении,Да,0.8188405797101449,DevOps,,
2020-05-14 22:14:39.567,3e88c8d53bcd73595d2bbcdd8c51c1bf,1118,,42,0.0,0.0,Байесовские методы машинного обучения,Сбор и обработка данных с помощью краудсорсинга,Анализ неструктурированных данных,Компьютерное зрение,Проектирование и разработка высоконагруженных сервисов,Обучение с подкреплением,Да,0.6376811594202898,DevOps,,True
2020-05-14 22:44:48.487,308ec2ced0092de5474a1a8f4c0bfcfd,1237,,45,0.0,0.0,Высокопроизводительные вычисления,Безопасность компьютерных систем,Моделирование временных рядов,Проектирование и разработка высоконагруженных сервисов,Методы сжатия и передачи медиаданных,Численные методы,Да,0.1884057971014492,DevOps,,
2020-05-14 22:53:32.547,8e8d87fd686122d2c061d7b1eea2d3c5,1217,,45,0.0,0.0,Безопасность компьютерных систем,Высокопроизводительные вычисления,Сбор и обработка данных с помощью краудсорсинга,Проектирование и разработка высоконагруженных сервисов,Методы сжатия и передачи медиаданных,Генеративные модели в машинном обучении,Да,0.2536231884057971,DevOps,,
2020-05-14 22:57:27.437,5d1deb0ae3a69348a018881ac785fd90,1066,,43,0.0,0.0,Высокопроизводительные вычисления,Безопасность компьютерных систем,Statistical Learning Theory,Методы сжатия и передачи медиаданных,Символьные вычисления,Компьютерное зрение,Да,0.8260869565217391,DevOps,,
2020-05-14 23:16:27.078,e242616383e4cb90672c3dbcf146bf3b,1273,,46,0.0,0.0,Безопасность компьютерных систем,Сбор и обработка данных с помощью краудсорсинга,Глубинное обучение в обработке звука,Проектирование и разработка высоконагруженных сервисов,Методы сжатия и передачи медиаданных,Компьютерное зрение,Да,0.1159420289855072,DevOps,,
2020-05-14 23:31:44.702,e22f8203911170e6b68b1b88cf85fee2,1247,,45,0.0,0.0,Высокопроизводительные вычисления,Безопасность компьютерных систем,Моделирование временных рядов,Проектирование и разработка высоконагруженных сервисов,Методы сжатия и передачи медиаданных,Численные методы,Да,0.1521739130434783,Введение в дифференциальную геометрию,,
2020-05-14 23:33:21.310,e0fceae1e285f737630bb6123a1bd85d,1203,,43,0.0,0.0,Высокопроизводительные вычисления,Высокопроизводительные вычисления,Высокопроизводительные вычисления,Проектирование и разработка высоконагруженных сервисов,Проектирование и разработка высоконагруженных сервисов,Символьные вычисления,Да,0.3115942028985508,DevOps,,
2020-05-14 23:33:26.537,276e2ccf4903d4ddf856b20a2b08394e,1123,,43,0.0,0.0,Байесовские методы машинного обучения,Statistical Learning Theory,Глубинное обучение в обработке звука,Конфликты и кооперация,Обучение с подкреплением,Символьные вычисления,Да,0.6231884057971014,Введение в дифференциальную геометрию,,
2020-05-15 13:37:30.790,ea682b140a15d40156a00aaf0234a91e,1172,,45,0.0,0.0,Анализ неструктурированных данных,Глубинное обучение в обработке звука,Байесовские методы машинного обучения,Обучение с подкреплением,Проектирование и разработка высоконагруженных сервисов,Генеративные модели в машинном обучении,Да,0.4347826086956522,Соревновательный анализ данных,,
2020-05-15 14:40:08.537,e6f751a81ab2d5197e8237a96656144d,1047,,46,0.0,0.0,Высокопроизводительные вычисления,Statistical Learning Theory,Моделирование временных рядов,Проектирование и разработка высоконагруженных сервисов,Численные методы,Компьютерное зрение,Да,0.8840579710144928,Соревновательный анализ данных,,
2020-05-15 22:45:38.327,594c54bb30547b44c9cc617aa2754f10,1293,,44,0.0,0.0,Безопасность компьютерных систем,Моделирование временных рядов,Высокопроизводительные вычисления,Методы сжатия и передачи медиаданных,Компьютерное зрение,Проектирование и разработка высоконагруженных сервисов,Да,0.07246376811594202,DevOps,,
2020-05-15 23:07:20.257,492c677be00bb8223ebbaffa3aff2549,1216,,43,0.0,0.0,Безопасность компьютерных систем,Анализ неструктурированных данных,Глубинное обучение в обработке звука,Проектирование и разработка высоконагруженных сервисов,Генеративные модели в машинном обучении,Обучение с подкреплением,Да,0.2608695652173914,DevOps,,
2020-05-16 01:07:58.660,180cf0e0dc7a6f88e76e3076cb761d26,1051,,47,0.0,0.0,Безопасность компьютерных систем,Высокопроизводительные вычисления,Сбор и обработка данных с помощью краудсорсинга,Проектирование и разработка высоконагруженных сервисов,Конфликты и кооперация,Численные методы,Да,0.8695652173913043,DevOps,,
2020-05-16 13:41:15.484,e86ac9984ebea336a2a71b6bd9929702,1240,,43,0.0,0.0,Statistical Learning Theory,Байесовские методы машинного обучения,Высокопроизводительные вычисления,Символьные вычисления,Компьютерное зрение,Проектирование и разработка высоконагруженных сервисов,Да,0.1739130434782609,Введение в дифференциальную геометрию,,
2020-05-16 22:20:51.266,93c0280966ae263fe26c5d78f719f2ae,1265,,41,0.0,0.0,Анализ неструктурированных данных,Байесовские методы машинного обучения,Моделирование временных рядов,Генеративные модели в машинном обучении,Компьютерное зрение,Обучение с подкреплением,Да,0.1304347826086957,Соревновательный анализ данных,,
2020-05-17 03:06:53.984,fc833a2815fa010d53b0047244438d9d,1250,,43,0.0,0.0,Statistical Learning Theory,Байесовские методы машинного обучения,Моделирование временных рядов,Символьные вычисления,Компьютерное зрение,Конфликты и кооперация,Да,0.144927536231884,Введение в дифференциальную геометрию,,
2020-05-17 11:16:46.730,1a45910254951a8a55dd65cf4dc24b6d,1206,,41,0.0,0.0,Анализ неструктурированных данных,Байесовские методы машинного обучения,Statistical Learning Theory,Компьютерное зрение,Обучение с подкреплением,Проектирование и разработка высоконагруженных сервисов,Да,0.2826086956521739,Соревновательный анализ данных,,
2020-05-17 11:31:43.285,b3cbd3541c0cf66ff4eb2bc1596bb149,1333,,43,0.0,0.0,Байесовские методы машинного обучения,Statistical Learning Theory,Моделирование временных рядов,Символьные вычисления,Обучение с подкреплением,Генеративные модели в машинном обучении,Да,0.02173913043478259,Соревновательный анализ данных,,
2020-05-17 13:02:46.680,82bc94a50a6c08a67ad9bf3d9791c459,1199,,45,0.0,0.0,Моделирование временных рядов,Безопасность компьютерных систем,Анализ неструктурированных данных,Численные методы,Компьютерное зрение,Обучение с подкреплением,Да,0.3405797101449275,Введение в дифференциальную геометрию,,
2020-05-17 14:16:14.335,e11399490117e1913ae79d09a5a2b981,1053,,42,0.0,0.0,Анализ неструктурированных данных,Глубинное обучение в обработке звука,Высокопроизводительные вычисления,Обучение с подкреплением,Проектирование и разработка высоконагруженных сервисов,Компьютерное зрение,Да,0.855072463768116,DevOps,,
2020-05-17 14:35:15.171,a31027b4218c8cca257f9b9cd07791d2,1032,,42,0.0,0.0,Анализ неструктурированных данных,Сбор и обработка данных с помощью краудсорсинга,Безопасность компьютерных систем,Обучение с подкреплением,Конфликты и кооперация,Компьютерное зрение,Да,0.9130434782608696,DevOps,,
2020-05-17 14:43:12.815,fc8b84c5df1ea8bf6e5da51945124d57,1204,,41,0.0,0.0,Байесовские методы машинного обучения,Высокопроизводительные вычисления,Анализ неструктурированных данных,Проектирование и разработка высоконагруженных сервисов,Обучение с подкреплением,Компьютерное зрение,Да,0.3043478260869565,DevOps,,
2020-05-17 14:54:06.245,674d6e333a907d65780e9618436f1952,1098,,42,0.0,0.0,Байесовские методы машинного обучения,Анализ неструктурированных данных,Сбор и обработка данных с помощью краудсорсинга,Обучение с подкреплением,Компьютерное зрение,Генеративные модели в машинном обучении,Да,0.7101449275362319,DevOps,,
2020-05-17 14:56:23.645,71c8f779c794a59d749092a11a350557,1128,,42,0.0,0.0,Безопасность компьютерных систем,Глубинное обучение в обработке звука,Моделирование временных рядов,Обучение с подкреплением,Методы сжатия и передачи медиаданных,Компьютерное зрение,Да,0.6014492753623188,DevOps,,
2020-05-17 15:43:40.067,7134f24c241836458335aa3abb8d8727,1089,,42,0.0,0.0,Сбор и обработка данных с помощью краудсорсинга,Анализ неструктурированных данных,Глубинное обучение в обработке звука,Обучение с подкреплением,Компьютерное зрение,Генеративные модели в машинном обучении,Да,0.7463768115942029,DevOps,,
2020-05-17 15:55:40.828,906692ccd33f59058380aac1598c5480,1143,,42,0.0,0.0,Анализ неструктурированных данных,Байесовские методы машинного обучения,Глубинное обучение в обработке звука,Обучение с подкреплением,Генеративные модели в машинном обучении,Компьютерное зрение,Нет,0.5471014492753623,DevOps,,
2020-05-17 16:08:17.948,757ce29d3647ee4aff21bc1a62849805,1181,,41,0.0,0.0,Глубинное обучение в обработке звука,Анализ неструктурированных данных,Байесовские методы машинного обучения,Обучение с подкреплением,Проектирование и разработка высоконагруженных сервисов,Методы сжатия и передачи медиаданных,Да,0.4130434782608695,Соревновательный анализ данных,,
2020-05-17 16:17:12.292,2e04f9bc8796f095ed7b9c7941df91a6,1077,,42,0.0,0.0,Сбор и обработка данных с помощью краудсорсинга,Анализ неструктурированных данных,Глубинное обучение в обработке звука,Обучение с подкреплением,Конфликты и кооперация,Компьютерное зрение,Да,0.7971014492753623,Соревновательный анализ данных,,
2020-05-17 16:35:49.284,976376a468b8f4d1e3c48f7acb29c2e4,1167,,41,0.0,0.0,Байесовские методы машинного обучения,Анализ неструктурированных данных,Глубинное обучение в обработке звука,Обучение с подкреплением,Генеративные модели в машинном обучении,Компьютерное зрение,Да,0.4492753623188406,Соревновательный анализ данных,,
2020-05-17 17:59:12.470,c39a1776d2509b6383ab9a7af9cba0ca,1162,,41,0.0,0.0,Анализ неструктурированных данных,Сбор и обработка данных с помощью краудсорсинга,Глубинное обучение в обработке звука,Обучение с подкреплением,Компьютерное зрение,Конфликты и кооперация,Да,0.4782608695652174,DevOps,,
2020-05-17 18:04:39.903,c1e88502b6673d22c38ee1352e3a1dd9,985,,42,0.0,0.0,Анализ неструктурированных данных,Моделирование временных рядов,Сбор и обработка данных с помощью краудсорсинга,Обучение с подкреплением,Компьютерное зрение,Генеративные модели в машинном обучении,Да,0.9710144927536232,Соревновательный анализ данных,,True
2020-05-17 18:29:44.851,bba51e2f648cb3323b96858a404dacea,1052,,42,0.0,0.0,Сбор и обработка данных с помощью краудсорсинга,Моделирование временных рядов,Анализ неструктурированных данных,Методы сжатия и передачи медиаданных,Обучение с подкреплением,Численные методы,Да,0.8623188405797102,Соревновательный анализ данных,,
2020-05-17 19:44:23.500,d028e00edda581b07bcbe6b841e6dc39,1242,,41,0.0,0.0,Байесовские методы машинного обучения,Анализ неструктурированных данных,Глубинное обучение в обработке звука,Обучение с подкреплением,Генеративные модели в машинном обучении,Компьютерное зрение,Да,0.1666666666666666,DevOps,,
2020-05-17 22:08:57.825,840716fde17a536f5e067546ab49a8a7,1325,,41,0.0,0.0,Байесовские методы машинного обучения,Глубинное обучение в обработке звука,Анализ неструктурированных данных,Генеративные модели в машинном обучении,Компьютерное зрение,Обучение с подкреплением,Да,0.02898550724637683,DevOps,,
2020-05-17 23:01:57.047,c93289511bf5625a199d4ae9b889a06a,1159,,41,0.0,0.0,Байесовские методы машинного обучения,Statistical Learning Theory,Сбор и обработка данных с помощью краудсорсинга,Обучение с подкреплением,Компьютерное зрение,Численные методы,Да,0.4927536231884058,Соревновательный анализ данных,,
2020-05-18 00:11:46.477,2d23e58ee8e952b48da12adcb71f2db0,1138,,41,0.0,0.0,Анализ неструктурированных данных,Глубинное обучение в обработке звука,Безопасность компьютерных систем,Обучение с подкреплением,Методы сжатия и передачи медиаданных,Компьютерное зрение,Да,0.5652173913043479,DevOps,,
2020-05-18 10:22:57.608,db450211a009799155ed6494957be8c7,1183,,42,0.0,0.0,Анализ неструктурированных данных,Глубинное обучение в обработке звука,Сбор и обработка данных с помощью краудсорсинга,Обучение с подкреплением,Проектирование и разработка высоконагруженных сервисов,Методы сжатия и передачи медиаданных,Да,0.3985507246376812,DevOps,,
2020-05-18 10:52:37.684,d81070e804b5757d118efba759e707e8,1228,,41,0.0,0.0,Байесовские методы машинного обучения,Анализ неструктурированных данных,Сбор и обработка данных с помощью краудсорсинга,Обучение с подкреплением,Компьютерное зрение,Проектирование и разработка высоконагруженных сервисов,Да,0.2173913043478261,DevOps,,
2020-05-18 11:19:43.926,ce2a9120d5581dcd8bd0d6252918c9ec,1100,,43,0.0,0.0,Statistical Learning Theory,Моделирование временных рядов,Глубинное обучение в обработке звука,Компьютерное зрение,Символьные вычисления,Методы сжатия и передачи медиаданных,Да,0.7028985507246377,Соревновательный анализ данных,,
2020-05-18 12:39:47.722,7fe7df0d207babbf30249b3063ac1f26,1365,,45,0.0,0.0,Высокопроизводительные вычисления,Сбор и обработка данных с помощью краудсорсинга,Моделирование временных рядов,Проектирование и разработка высоконагруженных сервисов,Методы сжатия и передачи медиаданных,Методы сжатия и передачи медиаданных,Да,0.007246376811594235,DevOps,,
2020-05-18 12:40:49.066,5d76b97bcf684f8a1ec03057dd94d416,1257,,45,0.0,0.0,Высокопроизводительные вычисления,Сбор и обработка данных с помощью краудсорсинга,Моделирование временных рядов,Проектирование и разработка высоконагруженных сервисов,Методы сжатия и передачи медиаданных,Методы сжатия и передачи медиаданных,Да,0.1376811594202898,DevOps,,
2020-05-18 12:49:52.430,df4d59dca630b474f77b0103cac53b52,1246,,45,0.0,0.0,Высокопроизводительные вычисления,Безопасность компьютерных систем,Анализ неструктурированных данных,Проектирование и разработка высоконагруженных сервисов,Методы сжатия и передачи медиаданных,Конфликты и кооперация,Да,0.1594202898550725,DevOps,,
2020-05-18 13:07:09.499,29d0fcf21c4db938fae688bb09078f8d,1166,,42,0.0,0.0,Сбор и обработка данных с помощью краудсорсинга,Анализ неструктурированных данных,Глубинное обучение в обработке звука,Конфликты и кооперация,Обучение с подкреплением,Компьютерное зрение,Да,0.4565217391304348,Соревновательный анализ данных,,
2020-05-18 13:24:26.832,4df9699d2022802f80b3e6426d6976d7,1276,,43,0.0,0.0,Безопасность компьютерных систем,Statistical Learning Theory,Моделирование временных рядов,Компьютерное зрение,Проектирование и разработка высоконагруженных сервисов,Методы сжатия и передачи медиаданных,Да,0.1086956521739131,Введение в дифференциальную геометрию,,
2020-05-18 13:31:45.687,9775834d44b69d181c5fb0c0af57c783,1231,,41,0.0,0.0,Байесовские методы машинного обучения,Анализ неструктурированных данных,Глубинное обучение в обработке звука,Обучение с подкреплением,Генеративные модели в машинном обучении,Компьютерное зрение,Да,0.2101449275362319,DevOps,,
2020-05-18 13:43:47.600,6ef08b5cfd42ecdd713466cb4b7b41b7,1139,,46,0.0,0.0,Высокопроизводительные вычисления,Безопасность компьютерных систем,Моделирование временных рядов,Конфликты и кооперация,Проектирование и разработка высоконагруженных сервисов,Методы сжатия и передачи медиаданных,Да,0.5579710144927537,DevOps,,
2020-05-18 13:51:01.165,c749f69f66d40cdfb3821745951be896,1017,,42,0.0,0.0,Анализ неструктурированных данных,Сбор и обработка данных с помощью краудсорсинга,Моделирование временных рядов,Обучение с подкреплением,Проектирование и разработка высоконагруженных сервисов,Компьютерное зрение,Да,0.9347826086956522,DevOps,,
2020-05-18 14:29:51.415,fecff7bd30995d16b59fb392d47b3760,1278,,41,0.0,0.0,Анализ неструктурированных данных,Безопасность компьютерных систем,Байесовские методы машинного обучения,Обучение с подкреплением,Компьютерное зрение,Генеративные модели в машинном обучении,Да,0.09420289855072461,DevOps,,
2020-05-18 14:34:20.443,15163c0c088c0ba42e1c77c9f3eabc81,1235,,47,0.0,0.0,Глубинное обучение в обработке звука,Сбор и обработка данных с помощью краудсорсинга,Моделирование временных рядов,Конфликты и кооперация,Методы сжатия и передачи медиаданных,Символьные вычисления,Да,0.2028985507246377,Введение в дифференциальную геометрию,,
2020-05-18 14:55:38.053,0d85933f07516e8871e9415c1d95ddbe,1202,,45,0.0,0.0,Высокопроизводительные вычисления,Высокопроизводительные вычисления,Высокопроизводительные вычисления,Методы сжатия и передачи медиаданных,Проектирование и разработка высоконагруженных сервисов,Методы сжатия и передачи медиаданных,Да,0.3188405797101449,DevOps,,
2020-05-18 15:11:26.093,f36d508e6129c7b248cc707b71c2a551,1184,,41,0.0,0.0,Statistical Learning Theory,Сбор и обработка данных с помощью краудсорсинга,Байесовские методы машинного обучения,Компьютерное зрение,Генеративные модели в машинном обучении,Численные методы,Да,0.3913043478260869,Соревновательный анализ данных,,
2020-05-18 15:22:11.990,a207faa550aba9ebf30537be445012cc,1238,,45,0.0,0.0,Глубинное обучение в обработке звука,Безопасность компьютерных систем,Высокопроизводительные вычисления,Проектирование и разработка высоконагруженных сервисов,Обучение с подкреплением,Компьютерное зрение,Да,0.1811594202898551,DevOps,,
2020-05-18 15:27:11.546,5bb63d6635c5f4c530b727fe1d6d84bf,1178,,46,0.0,0.0,Глубинное обучение в обработке звука,Высокопроизводительные вычисления,Безопасность компьютерных систем,Методы сжатия и передачи медиаданных,Конфликты и кооперация,Численные методы,Да,0.4202898550724637,DevOps,,
2020-05-18 17:26:18.170,8cc921fb155319d983cf72e9a6e8caa8,1201,,43,0.0,0.0,Statistical Learning Theory,Высокопроизводительные вычисления,Байесовские методы машинного обучения,Проектирование и разработка высоконагруженных сервисов,Методы сжатия и передачи медиаданных,Символьные вычисления,Да,0.3260869565217391,Введение в дифференциальную геометрию,,
2020-05-18 17:29:43.114,1da702d51a0a1829bb1bc33011aec5f0,1148,,43,0.0,0.0,Statistical Learning Theory,Байесовские методы машинного обучения,Безопасность компьютерных систем,Проектирование и разработка высоконагруженных сервисов,Компьютерное зрение,Символьные вычисления,Да,0.5217391304347826,Введение в дифференциальную геометрию,,
2020-05-18 18:01:57.138,39e61b4b01ae9201a1e0f89e36e7882e,1277,,45,0.0,0.0,Высокопроизводительные вычисления,Сбор и обработка данных с помощью краудсорсинга,Statistical Learning Theory,Проектирование и разработка высоконагруженных сервисов,Методы сжатия и передачи медиаданных,Компьютерное зрение,Да,0.1014492753623188,DevOps,,
2020-05-18 18:04:18.543,93da3d13e0ae40a97367b0c16d497399,1090,,47,0.0,0.0,Принятие решений в условиях риска и неопределённости,Моделирование временных рядов,Глубинное обучение в обработке звука,Конфликты и кооперация,Методы сжатия и передачи медиаданных,Символьные вычисления,Да,0.7391304347826086,Введение в дифференциальную геометрию,,
2020-05-18 18:13:35.809,c976c868dd660e792ab82ba8d9e02506,1087,,46,0.0,0.0,Высокопроизводительные вычисления,Безопасность компьютерных систем,Сбор и обработка данных с помощью краудсорсинга,Проектирование и разработка высоконагруженных сервисов,Методы сжатия и передачи медиаданных,Компьютерное зрение,Да,0.7536231884057971,DevOps,,
2020-05-18 18:14:38.722,fe631bea98b075dd781e11df3987533b,1085,,43,0.0,0.0,Statistical Learning Theory,Моделирование временных рядов,Высокопроизводительные вычисления,Символьные вычисления,Конфликты и кооперация,Численные методы,Да,0.7753623188405797,Введение в дифференциальную геометрию,,
2020-05-18 18:22:26.260,f2e1cfc27a724879ac2a8c98004c14b0,981,,43,0.0,0.0,Принятие решений в условиях риска и неопределённости,Моделирование временных рядов,Глубинное обучение в обработке звука,Обучение с подкреплением,Компьютерное зрение,Методы сжатия и передачи медиаданных,Да,0.9782608695652174,DevOps,,
2020-05-18 18:24:13.190,6338b6eeb16faedc58d30d2f45c89a4c,1132,,42,0.0,0.0,Сбор и обработка данных с помощью краудсорсинга,Моделирование временных рядов,Анализ неструктурированных данных,Обучение с подкреплением,Конфликты и кооперация,Компьютерное зрение,Да,0.5797101449275363,Соревновательный анализ данных,,
2020-05-18 18:27:32.822,7fcf56aae6836855a689000a50e80360,1145,,43,0.0,0.0,Безопасность компьютерных систем,Безопасность компьютерных систем,Безопасность компьютерных систем,Символьные вычисления,Символьные вычисления,Символьные вычисления,Да,0.536231884057971,Введение в дифференциальную геометрию,,
2020-05-18 18:52:16.361,3da8ee30604398faa671135cebe8f982,1124,,44,0.0,0.0,Statistical Learning Theory,Анализ неструктурированных данных,Сбор и обработка данных с помощью краудсорсинга,Обучение с подкреплением,Конфликты и кооперация,Компьютерное зрение,Да,0.6159420289855073,Соревновательный анализ данных,,
2020-05-18 19:08:48.366,48f0ae24c435e6d7330ffc82eec05483,1154,,46,0.0,0.0,Безопасность компьютерных систем,Высокопроизводительные вычисления,Глубинное обучение в обработке звука,Проектирование и разработка высоконагруженных сервисов,Методы сжатия и передачи медиаданных,Компьютерное зрение,Да,0.5144927536231885,DevOps,,
2020-05-18 19:11:48.357,31c9900033ce01dd1365a6b6a350c3bb,1182,,41,0.0,0.0,Глубинное обучение в обработке звука,Анализ неструктурированных данных,Байесовские методы машинного обучения,Обучение с подкреплением,Компьютерное зрение,Генеративные модели в машинном обучении,Да,0.4057971014492754,DevOps,,
2020-05-18 19:36:56.962,0c0cbdd1a309c1d1fd8993c4dc907bb5,1065,,42,0.0,0.0,Безопасность компьютерных систем,Сбор и обработка данных с помощью краудсорсинга,Моделирование временных рядов,Компьютерное зрение,Методы сжатия и передачи медиаданных,Генеративные модели в машинном обучении,Да,0.8333333333333334,Соревновательный анализ данных,,
2020-05-18 20:00:36.456,573e2218c3fe3ffc1894edc12432d315,1131,,42,0.0,0.0,Statistical Learning Theory,Анализ неструктурированных данных,Сбор и обработка данных с помощью краудсорсинга,Обучение с подкреплением,Конфликты и кооперация,Компьютерное зрение,Да,0.5869565217391304,DevOps,,
2020-05-18 20:23:36.111,9a66d84568b8017d98eb2e678b57296b,1205,,41,0.0,0.0,Анализ неструктурированных данных,Глубинное обучение в обработке звука,Байесовские методы машинного обучения,Обучение с подкреплением,Генеративные модели в машинном обучении,Компьютерное зрение,Нет,0.2934782608695652,DevOps,,
2020-05-18 20:29:44.305,f602211b88a96890ce75e36a390705b8,1200,,42,0.0,0.0,Анализ неструктурированных данных,Глубинное обучение в обработке звука,Байесовские методы машинного обучения,Генеративные модели в машинном обучении,Компьютерное зрение,Обучение с подкреплением,Да,0.3333333333333334,Соревновательный анализ данных,,
2020-05-18 20:32:09.046,e3b41563b7ea61def9fdd3623df1c783,1224,,41,0.0,0.0,Анализ неструктурированных данных,Сбор и обработка данных с помощью краудсорсинга,Глубинное обучение в обработке звука,Обучение с подкреплением,Конфликты и кооперация,Компьютерное зрение,Да,0.2246376811594203,Соревновательный анализ данных,,
2020-05-18 20:43:18.763,7f98e4487c7a910567f2d841e5e764c3,1300,,44,0.0,0.0,Анализ неструктурированных данных,Байесовские методы машинного обучения,Моделирование временных рядов,Обучение с подкреплением,Численные методы,Генеративные модели в машинном обучении,Да,0.05072463768115942,Введение в дифференциальную геометрию,True,
2020-05-18 20:54:39.736,83981d0841bbb56201e68b2cba8dd87d,1191,,45,0.0,0.0,Высокопроизводительные вычисления,Глубинное обучение в обработке звука,Сбор и обработка данных с помощью краудсорсинга,Методы сжатия и передачи медиаданных,Проектирование и разработка высоконагруженных сервисов,Конфликты и кооперация,Да,0.3768115942028986,Соревновательный анализ данных,,
2020-05-18 21:00:45.274,ffc04c64d068f8d85e4dc44e7f297ecc,1163,,41,0.0,0.0,Байесовские методы машинного обучения,Statistical Learning Theory,Глубинное обучение в обработке звука,Обучение с подкреплением,Генеративные модели в машинном обучении,Компьютерное зрение,Нет,0.4710144927536232,Соревновательный анализ данных,,
2020-05-18 21:05:56.170,3d1f14bf03e6eee14d833c45ccff2283,1236,,45,0.0,0.0,Высокопроизводительные вычисления,Анализ неструктурированных данных,Глубинное обучение в обработке звука,Проектирование и разработка высоконагруженных сервисов,Компьютерное зрение,Методы сжатия и передачи медиаданных,Да,0.1956521739130435,DevOps,,
2020-05-18 21:09:04.370,fa61e55c68763160d0fffe57dab37af9,1121,,42,0.0,0.0,Анализ неструктурированных данных,Безопасность компьютерных систем,Сбор и обработка данных с помощью краудсорсинга,Обучение с подкреплением,Компьютерное зрение,Генеративные модели в машинном обучении,Да,0.6304347826086957,DevOps,,
2020-05-18 21:14:10.549,e0a59b2b04663ea386d2cac7b876952e,1091,,42,0.0,0.0,Анализ неструктурированных данных,Безопасность компьютерных систем,Сбор и обработка данных с помощью краудсорсинга,Обучение с подкреплением,Компьютерное зрение,Конфликты и кооперация,Да,0.7318840579710144,DevOps,,
2020-05-18 21:20:14.429,ba4091ee80dd63a042464dbd2a7e3363,1022,,46,0.0,0.0,Безопасность компьютерных систем,Сбор и обработка данных с помощью краудсорсинга,Моделирование временных рядов,Проектирование и разработка высоконагруженных сервисов,Методы сжатия и передачи медиаданных,Компьютерное зрение,Да,0.927536231884058,DevOps,,
2020-05-18 21:29:50.807,aeb7bb1e047c392b7e5e39225cd86422,1039,,46,0.0,0.0,Безопасность компьютерных систем,Моделирование временных рядов,Анализ неструктурированных данных,Проектирование и разработка высоконагруженных сервисов,Методы сжатия и передачи медиаданных,Обучение с подкреплением,Да,0.8985507246376812,DevOps,,
2020-05-18 21:31:00.936,75be5480aae801322ab8ee4b8f4517a3,1112,,42,0.0,0.0,Глубинное обучение в обработке звука,Анализ неструктурированных данных,Сбор и обработка данных с помощью краудсорсинга,Обучение с подкреплением,Конфликты и кооперация,Методы сжатия и передачи медиаданных,Да,0.644927536231884,Соревновательный анализ данных,,
2020-05-18 21:40:08.787,5a733a19a3bdad95c1b5eac59c5b764b,1207,,45,0.0,0.0,Сбор и обработка данных с помощью краудсорсинга,Байесовские методы машинного обучения,Глубинное обучение в обработке звука,Проектирование и разработка высоконагруженных сервисов,Компьютерное зрение,Генеративные модели в машинном обучении,Да,0.2753623188405797,DevOps,,
2020-05-18 21:45:27.359,5ac46b96ef57b09c77dc50a6da3f39a5,1108,,44,0.0,0.0,Анализ неструктурированных данных,Глубинное обучение в обработке звука,Моделирование временных рядов,Обучение с подкреплением,Методы сжатия и передачи медиаданных,Компьютерное зрение,Да,0.6594202898550725,DevOps,,
2020-05-18 21:46:53.813,d40cbae8cfc9e6c5d05831ef7e122f3e,1092,,42,0.0,0.0,Безопасность компьютерных систем,Сбор и обработка данных с помощью краудсорсинга,Анализ неструктурированных данных,Проектирование и разработка высоконагруженных сервисов,Обучение с подкреплением,Компьютерное зрение,Да,0.7246376811594203,DevOps,,
2020-05-18 21:50:22.806,0a3bf60d68e9bcb118ba4b472eabebc8,1103,,45,0.0,0.0,Безопасность компьютерных систем,Высокопроизводительные вычисления,Сбор и обработка данных с помощью краудсорсинга,Методы сжатия и передачи медиаданных,Проектирование и разработка высоконагруженных сервисов,Конфликты и кооперация,Да,0.6884057971014492,Соревновательный анализ данных,,
2020-05-18 22:02:44.205,22eda17f96bbf2d0fb857453e6101160,1198,,44,0.0,0.0,Анализ неструктурированных данных,Сбор и обработка данных с помощью краудсорсинга,Безопасность компьютерных систем,Обучение с подкреплением,Конфликты и кооперация,Методы сжатия и передачи медиаданных,Да,0.3478260869565217,DevOps,,
2020-05-18 22:11:52.305,3eb1a783e55b0dd8bd2fa69eeeeecd4e,1196,,46,0.0,0.0,Высокопроизводительные вычисления,Безопасность компьютерных систем,Моделирование временных рядов,Проектирование и разработка высоконагруженных сервисов,Методы сжатия и передачи медиаданных,Символьные вычисления,Да,0.3623188405797102,DevOps,,
2020-05-18 22:14:40.670,f98ac9a12b43a53c0fa44491cb56890c,1147,,41,0.0,0.0,Байесовские методы машинного обучения,Анализ неструктурированных данных,Сбор и обработка данных с помощью краудсорсинга,Обучение с подкреплением,Компьютерное зрение,Генеративные модели в машинном обучении,Да,0.5289855072463768,DevOps,,
2020-05-18 22:16:05.567,eb1d7205d913319ef3d48e0719839849,1127,,42,0.0,0.0,Безопасность компьютерных систем,Байесовские методы машинного обучения,Statistical Learning Theory,Обучение с подкреплением,Символьные вычисления,Генеративные модели в машинном обучении,Да,0.6086956521739131,DevOps,,
2020-05-18 22:20:02.655,67e4ec4fe5c0601815692fbd6d403fb7,1335,,41,0.0,0.0,Байесовские методы машинного обучения,Глубинное обучение в обработке звука,Statistical Learning Theory,Обучение с подкреплением,Проектирование и разработка высоконагруженных сервисов,Генеративные модели в машинном обучении,Да,0.01449275362318836,DevOps,True,
2020-05-18 22:39:55.634,7af276b31fb741aa81baa85aa5c82bd9,1158,,46,0.0,0.0,Высокопроизводительные вычисления,Сбор и обработка данных с помощью краудсорсинга,Байесовские методы машинного обучения,Проектирование и разработка высоконагруженных сервисов,Методы сжатия и передачи медиаданных,Генеративные модели в машинном обучении,Да,0.513456345435246,DevOps,,
2020-05-18 22:40:28.531,d9c068e5578253c2b0721558dd0813e1,1075,,44,0.0,0.0,Анализ неструктурированных данных,Statistical Learning Theory,Принятие решений в условиях риска и неопределённости,Конфликты и кооперация,Обучение с подкреплением,Символьные вычисления,Нет,0.8079710144927537,DevOps,,
2020-05-18 22:40:32.790,338374a0f16d72f8c9066ca658c1ee04,1104,,44,0.0,0.0,Анализ неструктурированных данных,Сбор и обработка данных с помощью краудсорсинга,Глубинное обучение в обработке звука,Обучение с подкреплением,Генеративные модели в машинном обучении,Компьютерное зрение,Да,0.6811594202898551,DevOps,,
2020-05-18 22:43:00.850,dc7f705ae386b0457542a833571d51d0,1307,,43,0.0,0.0,Высокопроизводительные вычисления,Моделирование временных рядов,Байесовские методы машинного обучения,Проектирование и разработка высоконагруженных сервисов,Методы сжатия и передачи медиаданных,Обучение с подкреплением,Нет,0.04347826086956519,DevOps,True,
2020-05-18 22:43:06.815,de539be8b29b3afa002184e28d63c670,1015,,43,0.0,0.0,Анализ неструктурированных данных,Безопасность компьютерных систем,Глубинное обучение в обработке звука,Обучение с подкреплением,Методы сжатия и передачи медиаданных,Проектирование и разработка высоконагруженных сервисов,Да,0.9492753623188406,DevOps,,
2020-05-18 22:44:24.510,1d30f1c70a51faa60f497fe959851731,1197,,41,0.0,0.0,Анализ неструктурированных данных,Глубинное обучение в обработке звука,Сбор и обработка данных с помощью краудсорсинга,Обучение с подкреплением,Генеративные модели в машинном обучении,Компьютерное зрение,Да,0.355072463768116,Соревновательный анализ данных,,
2020-05-18 22:52:12.199,d9133abde61da78a0b956af5dad1228a,1223,,41,0.0,0.0,Байесовские методы машинного обучения,Сбор и обработка данных с помощью краудсорсинга,Анализ неструктурированных данных,Обучение с подкреплением,Генеративные модели в машинном обучении,Компьютерное зрение,Да,0.2318840579710145,DevOps,,
2020-05-18 22:52:40.757,b243a77fa09641c7f0a0b7dfb7a541df,1294,,45,0.0,0.0,Высокопроизводительные вычисления,Безопасность компьютерных систем,Моделирование временных рядов,Методы сжатия и передачи медиаданных,Проектирование и разработка высоконагруженных сервисов,Численные методы,Нет,0.06521739130434778,DevOps,,
2020-05-18 22:55:44.542,6a93fcbc79d0df6ddeba3b46739fc3d8,1286,,41,0.0,0.0,Глубинное обучение в обработке звука,Анализ неструктурированных данных,Моделирование временных рядов,Компьютерное зрение,Генеративные модели в машинном обучении,Обучение с подкреплением,Да,0.07971014492753625,Соревновательный анализ данных,,
2020-05-18 23:01:20.079,ba028043babda44219f3346809874ca3,1174,,45,0.0,0.0,Безопасность компьютерных систем,Глубинное обучение в обработке звука,Сбор и обработка данных с помощью краудсорсинга,Проектирование и разработка высоконагруженных сервисов,Компьютерное зрение,Обучение с подкреплением,Да,0.427536231884058,DevOps,,
2020-05-18 23:01:39.666,01b072a0cdb45814fc4ab8ca3e621f0e,1058,,43,0.0,0.0,Анализ неструктурированных данных,Сбор и обработка данных с помощью краудсорсинга,Моделирование временных рядов,Обучение с подкреплением,Компьютерное зрение,Символьные вычисления,Да,0.8478260869565217,Соревновательный анализ данных,,
2020-05-18 23:01:42.225,842a87d59de90b711fe3266830fe608c,1188,,45,0.0,0.0,Высокопроизводительные вычисления,Безопасность компьютерных систем,Безопасность компьютерных систем,Проектирование и разработка высоконагруженных сервисов,Методы сжатия и передачи медиаданных,Компьютерное зрение,Нет,0.3840579710144928,DevOps,,
2020-05-18 23:04:29.747,1021c681cf4b273ed4905d431e4c17ce,1165,,44,0.0,0.0,Сбор и обработка данных с помощью краудсорсинга,Принятие решений в условиях риска и неопределённости,Анализ неструктурированных данных,Конфликты и кооперация,Численные методы,Символьные вычисления,Да,0.4637681159420289,Введение в дифференциальную геометрию,,
2020-05-18 23:07:14.905,7378a3c0caf8ce5fdbb1e4370b346cb7,1043,,44,0.0,0.0,Глубинное обучение в обработке звука,Моделирование временных рядов,Безопасность компьютерных систем,Методы сжатия и передачи медиаданных,Компьютерное зрение,Обучение с подкреплением,Да,0.8913043478260869,DevOps,,
2020-05-18 23:10:45.547,07b6ce7fd93bde95ce5fe14a5131a960,1160,,46,0.0,0.0,Безопасность компьютерных систем,Сбор и обработка данных с помощью краудсорсинга,Высокопроизводительные вычисления,Проектирование и разработка высоконагруженных сервисов,Методы сжатия и передачи медиаданных,Конфликты и кооперация,Да,0.4855072463768116,DevOps,,
2020-05-18 23:12:29.049,d539461bf254cf8b3201cdf7990b119e,964,,44,0.0,0.0,Анализ неструктурированных данных,Глубинное обучение в обработке звука,Statistical Learning Theory,Обучение с подкреплением,Компьютерное зрение,Проектирование и разработка высоконагруженных сервисов,Да,0.9927536231884058,DevOps,,True
2020-05-18 23:13:30.565,085da16dd3062b4790c3dabdc08a51cf,1048,,46,0.0,0.0,Безопасность компьютерных систем,Сбор и обработка данных с помощью краудсорсинга,Высокопроизводительные вычисления,Проектирование и разработка высоконагруженных сервисов,Методы сжатия и передачи медиаданных,Проектирование и разработка высоконагруженных сервисов,Да,0.8768115942028986,DevOps,,
2020-05-18 23:24:48.715,50f6d5b6a7fd6c8b1b8959f9ce1f808d,1086,,44,0.0,0.0,Анализ неструктурированных данных,Глубинное обучение в обработке звука,Моделирование временных рядов,Обучение с подкреплением,Методы сжатия и передачи медиаданных,Проектирование и разработка высоконагруженных сервисов,Нет,0.7644927536231885,DevOps,,
2020-05-18 23:25:14.521,31e38f7596f83b72ebba1c6fc6b7a590,1220,,46,0.0,0.0,Безопасность компьютерных систем,Высокопроизводительные вычисления,Сбор и обработка данных с помощью краудсорсинга,Методы сжатия и передачи медиаданных,Проектирование и разработка высоконагруженных сервисов,Конфликты и кооперация,Нет,0.2391304347826086,DevOps,,
2020-05-18 23:29:38.455,b42de1b3235e9e84b43f38ff282cdfb9,1219,,45,0.0,0.0,Высокопроизводительные вычисления,Байесовские методы машинного обучения,Анализ неструктурированных данных,Обучение с подкреплением,Символьные вычисления,Компьютерное зрение,Да,0.2463768115942029,DevOps,,
2020-05-18 23:38:24.795,b65194fec33b2358296f74f6d948efdf,1268,,45,0.0,0.0,Высокопроизводительные вычисления,Глубинное обучение в обработке звука,Моделирование временных рядов,Методы сжатия и передачи медиаданных,Проектирование и разработка высоконагруженных сервисов,Конфликты и кооперация,Да,0.1231884057971014,DevOps,,
2020-05-18 23:43:02.409,b739739c7080a6e15f962c3863021855,1003,,44,0.0,0.0,Анализ неструктурированных данных,Высокопроизводительные вычисления,Сбор и обработка данных с помощью краудсорсинга,Конфликты и кооперация,Методы сжатия и передачи медиаданных,Компьютерное зрение,Да,0.9565217391304348,Соревновательный анализ данных,,
2020-05-18 23:44:56.517,bb29d9b9230528a4873f91abce2095b8,1313,,45,0.0,0.0,Безопасность компьютерных систем,Высокопроизводительные вычисления,Анализ неструктурированных данных,Методы сжатия и передачи медиаданных,Проектирование и разработка высоконагруженных сервисов,Символьные вычисления,Да,0.03623188405797106,DevOps,,
2020-05-18 23:54:25.376,cef24632489091cb8c085688b7d78dec,1095,,42,0.0,0.0,Глубинное обучение в обработке звука,Сбор и обработка данных с помощью краудсорсинга,Анализ неструктурированных данных,Обучение с подкреплением,Генеративные модели в машинном обучении,Компьютерное зрение,Нет,0.7173913043478262,Соревновательный анализ данных,,
2020-05-18 23:56:39.191,bb9bbd259ab6b8170a7dc6fb35695d13,1285,,45,0.0,0.0,Безопасность компьютерных систем,Высокопроизводительные вычисления,Высокопроизводительные вычисления,Методы сжатия и передачи медиаданных,Проектирование и разработка высоконагруженных сервисов,Конфликты и кооперация,Да,0.08695652173913049,DevOps,,
2020-05-18 23:58:07.072,2c0a8cb6662b9a0a0a5d2d1214442767,1107,,42,0.0,0.0,Анализ неструктурированных данных,Глубинное обучение в обработке звука,Моделирование временных рядов,Обучение с подкреплением,Компьютерное зрение,Конфликты и кооперация,Да,0.6666666666666667,Соревновательный анализ данных,,
2020-05-18 23:58:33.903,8fe79f84f36e3a5d2d6745621321302c,1016,,44,0.0,0.0,Безопасность компьютерных систем,Высокопроизводительные вычисления,Сбор и обработка данных с помощью краудсорсинга,Конфликты и кооперация,Проектирование и разработка высоконагруженных сервисов,Символьные вычисления,Да,0.9420289855072463,DevOps,,
2020-05-18 23:59:20.831,f93afd8e92c336b471aa3bbbc579aefe,1298,,45,0.0,0.0,Высокопроизводительные вычисления,Сбор и обработка данных с помощью краудсорсинга,Statistical Learning Theory,Методы сжатия и передачи медиаданных,Проектирование и разработка высоконагруженных сервисов,Конфликты и кооперация,Да,0.05797101449275366,DevOps,,
2020-05-18 23:59:28.998,9963fc00d9405a35b894cc04a7e19855,1135,,45,0.0,0.0,Безопасность компьютерных систем,Высокопроизводительные вычисления,Безопасность компьютерных систем,Проектирование и разработка высоконагруженных сервисов,Методы сжатия и передачи медиаданных,Символьные вычисления,Да,0.572463768115942,DevOps,,
2020-05-19 08:55:39.509,98c5a2548d93f26bd4195466e93178b3,1035,,41,0.0,0.0,Байесовские методы машинного обучения,Глубинное обучение в обработке звука,Statistical Learning Theory,Обучение с подкреплением,Генеративные модели в машинном обучении,Методы сжатия и передачи медиаданных,Нет,0.9057971014492754,DevOps,,True
2020-05-19 18:58:06.283,ba298cbd9be59b84bab33325e956f27e,1155,,41,0.0,0.0,Сбор и обработка данных с помощью краудсорсинга,Байесовские методы машинного обучения,Анализ неструктурированных данных,Конфликты и кооперация,Обучение с подкреплением,Компьютерное зрение,Да,0.5072463768115942,Соревновательный анализ данных,,
2020-05-19 19:04:17.873,c5870b37ee3f672e4259dfb2fc02ed8f,1029,,44,0.0,0.0,Statistical Learning Theory,Анализ неструктурированных данных,Сбор и обработка данных с помощью краудсорсинга,Обучение с подкреплением,Конфликты и кооперация,Компьютерное зрение,Да,0.9202898550724637,DevOps,,
2020-05-19 20:19:25.815,f44aea1095f9f5b8e2f5f0ed2b17891b,1060,,44,0.0,0.0,Анализ неструктурированных данных,Высокопроизводительные вычисления,Моделирование временных рядов,Конфликты и кооперация,Обучение с подкреплением,Численные методы,Да,0.8405797101449275,DevOps,,
2020-05-20 11:54:38.318,d7118b44c7e8fdbbaaca226d2da6fef1,1111,,43,0.0,0.0,Сбор и обработка данных с помощью краудсорсинга,Statistical Learning Theory,Анализ неструктурированных данных,Проектирование и разработка высоконагруженных сервисов,Методы сжатия и передачи медиаданных,Численные методы,Да,0.6521739130434783,Соревновательный анализ данных,,
2020-05-23 21:16:40.916,79d14db48e4737af731960ae212d5134,966,,42,0.0,0.0,Безопасность компьютерных систем,Принятие решений в условиях риска и неопределённости,Анализ неструктурированных данных,Проектирование и разработка высоконагруженных сервисов,Методы сжатия и передачи медиаданных,Компьютерное зрение,Да,0.9855072463768116,DevOps,,
2020-05-23 21:16:40.916,f2d210ace25a841e1e58036b257d5d47,1195,,46,0.0,0.0,Анализ неструктурированных данных,Моделирование временных рядов,Высокопроизводительные вычисления,Обучение с подкреплением,Компьютерное зрение,Методы сжатия и передачи медиаданных,да,0.3695652173913043,Соревновательный анализ данных,,
