timestamp,id,rating,course_2,course_3,is_mi_student,is_ml_student,fall_1,fall_2,fall_3,spring_1,spring_2,spring_3,is_first_time,percentile,blended
2023-05-15 01:12:50,93ff79a51cd602f1dd3028ba2c129503,698,,61,,,Язык SQL,Высокопроизводительные вычисления,Матричные вычисления,Дискретная оптимизация,Численные методы,Машинное обучение 2,Да,0.183856502242152,
2023-05-15 02:46:48,26b01b1c4cd5656bab18d24c548834fb,647,,61,,,Высокопроизводительные вычисления,Безопасность компьютерных систем,Язык SQL,Дискретная оптимизация,Численные методы,Машинное обучение 2,Нет,0.426008968609866,
2023-05-15 03:12:41,30f3653fc176d54e89ac3179c455c6dd,624,,65,,,Безопасность компьютерных систем,Матричные вычисления,Моделирование временных рядов,Дискретная оптимизация,Машинное обучение 2,Численные методы,Да,0.538116591928251,
2023-05-15 04:43:08,1528f0eaa027580820ccf0d92a53ad68,579,,62,,,Statistical Learning Theory,Высокопроизводительные вычисления,Матричные вычисления,Дискретная оптимизация,Численные методы,Машинное обучение 2,Да,0.744394618834081,
2023-05-15 07:47:17,496ea4f0d4abe264b1bb1b80eb3830c5,572,,63,,,Высокопроизводительные вычисления,Безопасность компьютерных систем,Теория баз данных,Компьютерные сети,Дискретная оптимизация,Численные методы,Да,0.780269058295964,
2023-05-15 09:10:18,d0d8ff53ed5b119f9056068e954256c6,591,,67,,,Язык SQL,Statistical Learning Theory,Сбор и обработка данных с помощью краудсорсинга,Промышленное программирование на языке Java,Численные методы,Дискретная оптимизация,Да,0.690582959641256,
2023-05-15 11:42:16,e4caca755ee0bdd711e18fb8084958b5,724,,62,,,Statistical Learning Theory,Безопасность компьютерных систем,Моделирование временных рядов,Численные методы,Промышленное программирование на языке Java,Машинное обучение 2,Да,0.103139013452915,
2023-05-15 12:11:43,8047c18b3c531c6f47931e0744f3e028,566,,67,,,Язык SQL,Теория баз данных,Безопасность компьютерных систем,Промышленное программирование на языке Java,Компьютерные сети,Дискретная оптимизация,Да,0.802690582959641,
2023-05-15 13:21:40,e8b314842f176be9051d14a07cb156cb,618,,61,,,Язык SQL,Теория баз данных,Матричные вычисления,Промышленное программирование на языке Java,Компьютерные сети,Дискретная оптимизация,Да,0.565022421524664,
2023-05-15 13:29:10,d6c079f1ff869c8c84fa3ed30bd67e0e,733,,61,,1,Теория баз данных,Высокопроизводительные вычисления,Сбор и обработка данных с помощью краудсорсинга,Дополнительные главы прикладной статистики,Анализ данных в бизнесе,Численные методы,Да,0.852017937219731,
2023-05-15 13:46:31,57c331c5a1b473501d86dfd23421bb5c,623,,66,,,Принятие решений в условиях риска и неопределённости,Моделирование временных рядов,Матричные вычисления,Анализ данных в бизнесе,Численные методы,Машинное обучение 2,Да,0.542600896860987,
2023-05-15 14:52:24,3de75278c0cdb78bbe54267f65c67d25,563,,67,,,Язык SQL,Теория баз данных,Сбор и обработка данных с помощью краудсорсинга,Промышленное программирование на языке Java,Системы баз данных,Анализ данных в бизнесе,Да,0.811659192825112,
2023-05-15 16:13:05,77c7b37ee521df16ccff23ba50c893d4,735,,63,,,Высокопроизводительные вычисления,Язык SQL,Безопасность компьютерных систем,Компьютерные сети,Промышленное программирование на языке Java,Машинное обучение 2,Да,0.762331838565022,
2023-05-15 16:19:15,23484c24b8d551a189015750171974cd,734,,63,,,Высокопроизводительные вычисления,Безопасность компьютерных систем,Теория баз данных,Компьютерные сети,Дискретная оптимизация,Машинное обучение 2,Да,0.807174887892377,
2023-05-15 16:46:00,105209181e880d891f19de83b4b1478d,706,,63,,1,Безопасность компьютерных систем,Моделирование временных рядов,Принятие решений в условиях риска и неопределённости,Анализ данных в бизнесе,Дискретная оптимизация,Системы баз данных,Да,0.152466367713005,
2023-05-15 16:53:27,80a0660d40d5e2f3e3b9bb8a4383db74,662,,63,,1,Statistical Learning Theory,Матричные вычисления,Моделирование временных рядов,Анализ данных в бизнесе,Дискретная оптимизация,Системы баз данных,Да,0.354260089686099,
2023-05-15 16:58:06,64173586abab6f7a172946c8c74bde0d,630,,61,,,Безопасность компьютерных систем,Высокопроизводительные вычисления,Язык SQL,Компьютерные сети,Промышленное программирование на языке Java,Дискретная оптимизация,Да,0.502242152466368,
2023-05-15 17:33:08,4b019ecb89626c8752a1d962b63c8a4b,669,,65,,,Язык SQL,Высокопроизводительные вычисления,Безопасность компьютерных систем,Компьютерные сети,Промышленное программирование на языке Java,Системы баз данных,Да,0.318385650224215,
2023-05-15 19:44:33,af20596134e83f3ca61259b325aa9688,519,,62,,,Statistical Learning Theory,Сбор и обработка данных с помощью краудсорсинга,Высокопроизводительные вычисления,Машинное обучение 2,Дополнительные главы прикладной статистики,Анализ данных в бизнесе,Да,0.973094170403588,
2023-05-15 21:34:32,86d929f6fd741e56e93cee5900298849,761,,61,,,Сбор и обработка данных с помощью краудсорсинга,Сбор и обработка данных с помощью краудсорсинга,Сбор и обработка данных с помощью краудсорсинга,Дополнительные главы прикладной статистики,Дополнительные главы прикладной статистики,Дополнительные главы прикладной статистики,Да,0.896860986547088,
2023-05-15 21:55:16,f0f6f3881894172a0f04e79b554b49e6,673,,61,,1,Безопасность компьютерных систем,Сбор и обработка данных с помощью краудсорсинга,Принятие решений в условиях риска и неопределённости,Машинное обучение 2,Численные методы,Дополнительные главы прикладной статистики,Да,0.300448430493274,
2023-05-15 22:06:56,d3b992fe1016d7951d335db002d43dec,601,,63,,,Матричные вычисления,Высокопроизводительные вычисления,Безопасность компьютерных систем,Дискретная оптимизация,Численные методы,Компьютерные сети,Да,0.645739910313901,
2023-05-15 22:15:31,a65d50ef4fadfac64508a54e972d8623,626,,64,,,Высокопроизводительные вычисления,Безопасность компьютерных систем,Матричные вычисления,Дискретная оптимизация,Численные методы,Анализ данных в бизнесе,Да,0.526905829596413,
2023-05-15 22:30:31,a65d50ef4fadfac64508a54e972d8623,626,,64,,,Безопасность компьютерных систем,Высокопроизводительные вычисления,Матричные вычисления,Дискретная оптимизация,Численные методы,Анализ данных в бизнесе,Нет,0.526905829596413,
2023-05-15 22:41:51,cddf159101f9a5a30f9041ceebdb2835,651,,61,,,Безопасность компьютерных систем,Теория баз данных,Язык SQL,Дискретная оптимизация,Компьютерные сети,Системы баз данных,Да,0.408071748878924,
2023-05-15 22:58:10,d82c2df25b8b36cd655077b4a885e1f7,612,,61,,,Теория баз данных,Безопасность компьютерных систем,Язык SQL,Промышленное программирование на языке Java,Компьютерные сети,Дискретная оптимизация,Да,0.596412556053812,
2023-05-15 22:59:40,a0c56e8aa03ea6c1f5e8462914472075,751,,62,,1,Сбор и обработка данных с помощью краудсорсинга,Statistical Learning Theory,Моделирование временных рядов,Дополнительные главы прикладной статистики,Дискретная оптимизация,Численные методы,Да,0.448430493273543,
2023-05-16 13:02:24,5daee1bd98559bb2c52373e416942225,593,,62,,1,Сбор и обработка данных с помощью краудсорсинга,Statistical Learning Theory,Моделирование временных рядов,Машинное обучение 2,Промышленное программирование на языке Java,Анализ данных в бизнесе,Нет,0.681614349775785,
2023-05-16 14:40:48,64b63332f8e86fa32969cfe0c167dbea,684,,66,,,Сбор и обработка данных с помощью краудсорсинга,Statistical Learning Theory,Высокопроизводительные вычисления,Машинное обучение 2,Анализ данных в бизнесе,Промышленное программирование на языке Java,Нет,0.251121076233184,
2023-05-16 14:46:06,b121e4d7d62387cd5199cca464a34a6d,694,,65,,,Теория баз данных,Безопасность компьютерных систем,Язык SQL,Машинное обучение 2,Компьютерные сети,Промышленное программирование на языке Java,Да,0.204035874439462,
2023-05-16 15:01:06,b121e4d7d62387cd5199cca464a34a6d,694,,65,,,Безопасность компьютерных систем,Теория баз данных,Язык SQL,Машинное обучение 2,Компьютерные сети,Промышленное программирование на языке Java,Нет,0.204035874439462,
2023-05-16 17:44:55,7df351e9f3a719f6c29e811e2578fcc6,611,,68,,,Безопасность компьютерных систем,Высокопроизводительные вычисления,Язык SQL,Компьютерные сети,Системы баз данных,Машинное обучение 2,Да,0.600896860986547,
2023-05-16 19:23:31,c7f347b466ff14ec85103f61c4d6ff8e,640,,67,,,Язык SQL,Безопасность компьютерных систем,Теория баз данных,Машинное обучение 2,Машинное обучение 2,Промышленное программирование на языке Java,Да,0.457399103139013,
2023-05-16 20:46:40,73282cacef07625adb2f9b4e2d57240e,575,,63,,,Матричные вычисления,Язык SQL,Принятие решений в условиях риска и неопределённости,Дискретная оптимизация,Численные методы,Промышленное программирование на языке Java,Нет,0.762331838565022,
2023-05-16 21:06:51,9c656049fc55775bb9215d12aabf5881,594,,67,,1,Язык SQL,Сбор и обработка данных с помощью краудсорсинга,Матричные вычисления,Промышленное программирование на языке Java,Анализ данных в бизнесе,Компьютерные сети,Да,0.677130044843049,
2023-05-16 21:11:40,2662600c2c37e11e62f6ee0b88452f22,627,,62,1,,Statistical Learning Theory,Сбор и обработка данных с помощью краудсорсинга,Принятие решений в условиях риска и неопределённости,Машинное обучение 2,Промышленное программирование на языке Java,Дополнительные главы прикладной статистики,Да,0.520179372197309,
2023-05-16 21:43:04,d37fe725a8ee1d1b263463baf7560fd4,748,,64,,,Безопасность компьютерных систем,Теория баз данных,Высокопроизводительные вычисления,Промышленное программирование на языке Java,Компьютерные сети,Дискретная оптимизация,Да,0.538116591928252,
2023-05-16 22:06:23,2ba0a356c95af4fe74272e708082086f,672,,66,,1,Безопасность компьютерных систем,Statistical Learning Theory,Матричные вычисления,Дискретная оптимизация,Компьютерные сети,Системы баз данных,Да,0.304932735426009,
2023-05-16 23:32:44,e3d4f9a7b947ebc03d345dd9e14b5d2c,524,,61,,,Безопасность компьютерных систем,Высокопроизводительные вычисления,Матричные вычисления,Дискретная оптимизация,Машинное обучение 2,Компьютерные сети,Да,0.959641255605381,
2023-05-16 23:49:50,ab5248060fbaac411a79a62dfb0d263d,528,,67,,1,Язык SQL,Безопасность компьютерных систем,Сбор и обработка данных с помощью краудсорсинга,Промышленное программирование на языке Java,Дополнительные главы прикладной статистики,Промышленное программирование на языке Java,Да,0.946188340807175,
2023-05-17 00:54:43,d38ebd0ba564ea88de8015e116f811c8,546,,67,,,Безопасность компьютерных систем,Высокопроизводительные вычисления,Язык SQL,Компьютерные сети,Промышленное программирование на языке Java,Дискретная оптимизация,Да,0.883408071748879,
2023-05-17 01:48:02,c97ab5cabace9f00673cc8384771aa9c,552,,65,,,Безопасность компьютерных систем,Теория баз данных,Язык SQL,Компьютерные сети,Промышленное программирование на языке Java,Машинное обучение 2,Да,0.860986547085202,
2023-05-17 10:27:38,9808df02cd92ed45df39e6bc748f3179,645,,67,,,Statistical Learning Theory,Моделирование временных рядов,Высокопроизводительные вычисления,Машинное обучение 2,Системы баз данных,Компьютерные сети,Да,0.434977578475336,
2023-05-17 12:04:22,b6bf56b8b8ffd1666036b0a8ca01c452,537,,61,,,Матричные вычисления,Язык SQL,Безопасность компьютерных систем,Компьютерные сети,Промышленное программирование на языке Java,Системы баз данных,Да,0.914798206278027,
2023-05-17 12:11:23,39cd1820459fdbcc193f9bb0ddb74a58,606,,64,1,,Безопасность компьютерных систем,Сбор и обработка данных с помощью краудсорсинга,Statistical Learning Theory,Машинное обучение 2,Промышленное программирование на языке Java,Анализ данных в бизнесе,Да,0.623318385650224,
2023-05-17 12:36:33,5d9c9087b5a851ecb6bba1bc916b684f,680,,65,,,Матричные вычисления,Принятие решений в условиях риска и неопределённости,Теория баз данных,Численные методы,Машинное обучение 2,Промышленное программирование на языке Java,Да,0.269058295964126,
2023-05-17 13:24:57,a37a88d97b12fe90dd83dd548866b2bb,701,,66,,1,Сбор и обработка данных с помощью краудсорсинга,Безопасность компьютерных систем,Матричные вычисления,Промышленное программирование на языке Java,Компьютерные сети,Дискретная оптимизация,Да,0.174887892376682,
2023-05-17 14:04:41,34f75b81eb7b1cc9e9e4ef5bfd7fa69a,678,,64,,,Безопасность компьютерных систем,Моделирование временных рядов,Высокопроизводительные вычисления,Машинное обучение 2,Промышленное программирование на языке Java,Дополнительные главы прикладной статистики,Да,0.278026905829596,
2023-05-17 16:15:12,e5fb2c5a9d8a09915b15d14bf6cf3174,753,,62,,,Безопасность компьютерных систем,Матричные вычисления,Высокопроизводительные вычисления,Дискретная оптимизация,Компьютерные сети,Численные методы,Да,0.403587443946188,
2023-05-17 16:39:53,f8c83b338162bb41af2851b5e62f84d0,547,,65,,,Теория баз данных,Язык SQL,Безопасность компьютерных систем,Промышленное программирование на языке Java,Компьютерные сети,Дискретная оптимизация,Да,0.878923766816144,
2023-05-17 17:40:31,323f162a5cad5f11e84bf294dd73197e,605,,68,,,Безопасность компьютерных систем,Сбор и обработка данных с помощью краудсорсинга,Язык SQL,Машинное обучение 2,Анализ данных в бизнесе,Компьютерные сети,Да,0.62780269058296,
2023-05-17 18:21:13,28cd79966197dc97bafed62bc8c48bbd,589,,62,,,Моделирование временных рядов,Statistical Learning Theory,Язык SQL,Анализ данных в бизнесе,Системы баз данных,Дискретная оптимизация,Да,0.699551569506727,
2023-05-17 18:45:15,ef8c6afd958da5f51429948f090432da,522,,63,,,Сбор и обработка данных с помощью краудсорсинга,Высокопроизводительные вычисления,Матричные вычисления,Машинное обучение 2,Дискретная оптимизация,Численные методы,Да,0.964125560538117,
2023-05-17 20:06:13,c3c0a0524bae841e5f9a56cf967cd423,667,,61,,1,Моделирование временных рядов,Язык SQL,Сбор и обработка данных с помощью краудсорсинга,Промышленное программирование на языке Java,Системы баз данных,Компьютерные сети,Да,0.327354260089686,
2023-05-17 20:42:32,9abd31fe9761b5abd56524915237c1ea,670,,62,,1,Матричные вычисления,Statistical Learning Theory,Моделирование временных рядов,Дополнительные главы прикладной статистики,Анализ данных в бизнесе,Промышленное программирование на языке Java,Да,0.31390134529148,
2023-05-17 21:26:07,48ba69e4b13182a6d89499fd9a2c8f46,732,,61,,1,Матричные вычисления,Теория баз данных,Statistical Learning Theory,Дискретная оптимизация,Промышленное программирование на языке Java,Численные методы,Да,0.896860986547086,
2023-05-17 23:48:54,447a377d20b3181f0436c72c19a48c37,741,,64,,,Безопасность компьютерных систем,Теория баз данных,Высокопроизводительные вычисления,Промышленное программирование на языке Java,Дискретная оптимизация,Компьютерные сети,Да,0.627802690582959,
2023-05-18 00:28:59,c84186d57fd935e228cdeddb0ce0bf2c,722,,68,,,Безопасность компьютерных систем,Сбор и обработка данных с помощью краудсорсинга,Моделирование временных рядов,Машинное обучение 2,Дискретная оптимизация,Промышленное программирование на языке Java,Да,0.112107623318386,
2023-05-18 01:12:33,17676f1d09ba15d060a7352e4308661a,622,,64,,,Безопасность компьютерных систем,Матричные вычисления,Язык SQL,Дискретная оптимизация,Компьютерные сети,Промышленное программирование на языке Java,Да,0.547085201793722,
2023-05-18 02:08:02,518a8ad312d0db47e23eeadf9f4220d1,711,,65,,1,Безопасность компьютерных систем,Высокопроизводительные вычисления,Теория баз данных,Промышленное программирование на языке Java,Анализ данных в бизнесе,Дискретная оптимизация,Да,0.134529147982063,
2023-05-18 09:51:45,0f114e98d9f732aa51db34f687db2655,699,,63,,,Матричные вычисления,Высокопроизводительные вычисления,Безопасность компьютерных систем,Дискретная оптимизация,Численные методы,Дополнительные главы прикладной статистики,Да,0.179372197309417,
2023-05-18 09:55:04,796d174c592006376963b8f31e818dbf,655,,66,,,Моделирование временных рядов,Матричные вычисления,Принятие решений в условиях риска и неопределённости,Численные методы,Дополнительные главы прикладной статистики,Машинное обучение 2,Да,0.390134529147982,
2023-05-18 10:47:46,4add93dff84a52a0b3d690f07aa081d4,725,,68,,1,Безопасность компьютерных систем,Высокопроизводительные вычисления,Сбор и обработка данных с помощью краудсорсинга,Дискретная оптимизация,Численные методы,Дополнительные главы прикладной статистики,Да,0.986547085201793,
2023-05-18 11:12:15,dcc2e3447043d6d70a90c9c924314695,703,,66,,1,Сбор и обработка данных с помощью краудсорсинга,Теория баз данных,Высокопроизводительные вычисления,Промышленное программирование на языке Java,Дискретная оптимизация,Численные методы,Да,0.165919282511211,
2023-05-18 11:13:13,b8d4c538f6b47a1a692bec6c2f29152b,682,,63,,,Безопасность компьютерных систем,Высокопроизводительные вычисления,Язык SQL,Промышленное программирование на языке Java,Компьютерные сети,Системы баз данных,Да,0.260089686098655,
2023-05-18 11:41:44,59241a17fc6c01fa7d209ef20712d31c,588,,64,,,Моделирование временных рядов,Безопасность компьютерных систем,Матричные вычисления,Численные методы,Компьютерные сети,Дополнительные главы прикладной статистики,Да,0.704035874439462,
2023-05-18 12:17:33,1f53f6dabcd59889dd7486a7cac5c9f2,569,,67,,,Язык SQL,Матричные вычисления,Безопасность компьютерных систем,Компьютерные сети,Промышленное программирование на языке Java,Дополнительные главы прикладной статистики,Нет,0.789237668161435,
2023-05-18 12:41:04,348562c4a55053de25fdd4389b9f1181,650,,66,,1,Моделирование временных рядов,Сбор и обработка данных с помощью краудсорсинга,Безопасность компьютерных систем,Компьютерные сети,Дополнительные главы прикладной статистики,Системы баз данных,Да,0.412556053811659,
2023-05-18 12:55:36,d61cc836b6aa3cdc4a40e2e8ada0b937,608,,62,,,Безопасность компьютерных систем,Высокопроизводительные вычисления,Язык SQL,Компьютерные сети,Промышленное программирование на языке Java,Машинное обучение 2,Нет,0.614349775784753,
2023-05-18 13:30:49,1eafb63c510c305e325bff51d246adb1,648,,61,,1,Сбор и обработка данных с помощью краудсорсинга,Statistical Learning Theory,Безопасность компьютерных систем,Промышленное программирование на языке Java,Дополнительные главы прикладной статистики,Дискретная оптимизация,Да,0.42152466367713,
2023-05-18 14:18:18,d9f0e5ebc6718202b86eaee2de1c697b,531,,66,,,Матричные вычисления,Высокопроизводительные вычисления,Язык SQL,Компьютерные сети,Системы баз данных,Численные методы,Да,0.932735426008969,
2023-05-18 14:37:56,47a0391ff6ee0a09d11e595266a4b630,679,,65,1,,Матричные вычисления,Моделирование временных рядов,Язык SQL,Анализ данных в бизнесе,Численные методы,Промышленное программирование на языке Java,Да,0.273542600896861,
2023-05-18 14:44:19,fa4860bc719aadedbb00ba027067a8b7,642,,67,,,Безопасность компьютерных систем,Высокопроизводительные вычисления,Язык SQL,Компьютерные сети,Промышленное программирование на языке Java,Дискретная оптимизация,Да,0.448430493273543,
2023-05-18 15:03:41,c98c2ee69047bd8febea3ac2d1380bf9,602,,65,,,Теория баз данных,Принятие решений в условиях риска и неопределённости,Язык SQL,Анализ данных в бизнесе,Системы баз данных,Компьютерные сети,Да,0.641255605381166,
2023-05-18 16:11:14,635e9ca4fcf26a2bd38b8488a8edfca5,555,,66,,1,Сбор и обработка данных с помощью краудсорсинга,Безопасность компьютерных систем,Язык SQL,Дополнительные главы прикладной статистики,Системы баз данных,Компьютерные сети,Да,0.847533632286996,
2023-05-18 16:45:06,081eba3952cfc116e0e9b941d6a974a2,692,,62,,1,Безопасность компьютерных систем,Матричные вычисления,Теория баз данных,Промышленное программирование на языке Java,Дискретная оптимизация,Системы баз данных,Нет,0.2152466367713,
2023-05-18 16:47:43,014b72217e20370dab7acc48b20c47be,543,,66,,,Сбор и обработка данных с помощью краудсорсинга,Statistical Learning Theory,Матричные вычисления,Системы баз данных,Машинное обучение 2,Дискретная оптимизация,Да,0.89237668161435,
2023-05-18 16:55:16,ac3d08a6cc42a50f0ca53017b3ba5ba9,598,,61,,,Матричные вычисления,Язык SQL,Безопасность компьютерных систем,Компьютерные сети,Промышленное программирование на языке Java,Дискретная оптимизация,Да,0.659192825112108,
2023-05-18 17:00:34,04b88fcbe5ba58aa8369c7de5e574de0,719,,61,,,Безопасность компьютерных систем,Моделирование временных рядов,Высокопроизводительные вычисления,Дискретная оптимизация,Компьютерные сети,Промышленное программирование на языке Java,Да,0.121076233183857,
2023-05-18 17:01:49,9750aa503b095b9297e1a778d6c7cc95,576,,66,1,,Язык SQL,Теория баз данных,Принятие решений в условиях риска и неопределённости,Анализ данных в бизнесе,Системы баз данных,Дискретная оптимизация,Да,0.757847533632287,
2023-05-18 17:09:23,3e106aaef8b24dbb01319c73e14c2936,784,,62,,1,Безопасность компьютерных систем,Statistical Learning Theory,Матричные вычисления,Дискретная оптимизация,Промышленное программирование на языке Java,Дополнительные главы прикладной статистики,Да,0.,
2023-05-18 17:16:47,701078e1e897399f675e96bdda5fb149,636,,68,1,,Сбор и обработка данных с помощью краудсорсинга,Принятие решений в условиях риска и неопределённости,Теория баз данных,Промышленное программирование на языке Java,Машинное обучение 2,Анализ данных в бизнесе,Да,0.475336322869955,
2023-05-18 17:16:57,86eebda725013685effcb0c97591132e,690,,66,,,Безопасность компьютерных систем,Язык SQL,Матричные вычисления,Машинное обучение 2,Промышленное программирование на языке Java,Системы баз данных,Да,0.224215246636771,
2023-05-18 17:21:14,7f9d0f835bf734ccd4619041c3475c1c,689,,62,,1,Безопасность компьютерных систем,Statistical Learning Theory,Матричные вычисления,Дискретная оптимизация,Дополнительные главы прикладной статистики,Промышленное программирование на языке Java,Нет,0.228699551569507,
2023-05-18 17:22:56,bfe75c08c6b7e31d4e7d48c9c5fed69b,758,,62,,1,Безопасность компьютерных систем,Statistical Learning Theory,Матричные вычисления,Дискретная оптимизация,Промышленное программирование на языке Java,Дополнительные главы прикладной статистики,Да,0.224215246636771,
2023-05-18 17:32:12,651f2fa7d270b436246ddd7d05880bfa,755,,62,,1,Теория баз данных,Моделирование временных рядов,Statistical Learning Theory,Дополнительные главы прикладной статистики,Численные методы,Системы баз данных,Да,0.358744394618834,
2023-05-18 17:51:56,9f23846141606a1e26e8e4c28e9a7262,527,,67,,,Безопасность компьютерных систем,Сбор и обработка данных с помощью краудсорсинга,Язык SQL,Компьютерные сети,Промышленное программирование на языке Java,Системы баз данных,Да,0.95067264573991,
2023-05-18 17:53:08,6b3d72def53597696afb19faed1f8365,641,,67,,,Statistical Learning Theory,Матричные вычисления,Моделирование временных рядов,Дискретная оптимизация,Численные методы,Машинное обучение 2,Да,0.452914798206278,
2023-05-18 17:56:00,044e038535ae5d2ff037150b77fdc6d1,710,,62,,1,Безопасность компьютерных систем,Statistical Learning Theory,Матричные вычисления,Дискретная оптимизация,Промышленное программирование на языке Java,Дополнительные главы прикладной статистики,Да,0.139013452914798,
2023-05-18 18:01:52,fd784637a19d65bbe5b07d6efac5a05d,625,,62,,,Безопасность компьютерных систем,Statistical Learning Theory,Матричные вычисления,Машинное обучение 2,Дискретная оптимизация,Компьютерные сети,Да,0.533632286995516,
2023-05-18 18:02:10,25bd5b6bb000f48b8276cbb942537386,668,,66,,,Безопасность компьютерных систем,Высокопроизводительные вычисления,Statistical Learning Theory,Машинное обучение 2,Дискретная оптимизация,Системы баз данных,Да,0.322869955156951,
2023-05-18 18:03:57,e0ca1a9548af9a3f98428c62420aa484,764,,62,,,Матричные вычисления,Безопасность компьютерных систем,Statistical Learning Theory,Дискретная оптимизация,Дополнительные главы прикладной статистики,Машинное обучение 2,Да,0.448430493273544,
2023-05-18 18:06:29,6256514074c4680d1b14e4f2a863fd78,596,,64,,,Statistical Learning Theory,Язык SQL,Сбор и обработка данных с помощью краудсорсинга,Анализ данных в бизнесе,Численные методы,Дополнительные главы прикладной статистики,Да,0.668161434977578,
2023-05-18 18:17:59,1f63fc485d851236249263b91dc03d6b,756,,61,,1,Statistical Learning Theory,Матричные вычисления,Безопасность компьютерных систем,Дискретная оптимизация,Дополнительные главы прикладной статистики,Промышленное программирование на языке Java,Да,0.31390134529148,
2023-05-18 18:24:10,425c2a90f447620c9a1868e92f0a7af6,760,,62,,1,Сбор и обработка данных с помощью краудсорсинга,Язык SQL,Принятие решений в условиях риска и неопределённости,Промышленное программирование на языке Java,Дополнительные главы прикладной статистики,Анализ данных в бизнесе,Да,0.134529147982063,
2023-05-18 18:29:57,88ae08d9db8d34b267780ed642d0d2db,581,,68,,,Statistical Learning Theory,Матричные вычисления,Теория баз данных,Дискретная оптимизация,Численные методы,Промышленное программирование на языке Java,Да,0.73542600896861,
2023-05-18 18:30:23,cd8299f4173e8a509275b25787670ad2,704,,61,,,Безопасность компьютерных систем,Высокопроизводительные вычисления,Язык SQL,Дискретная оптимизация,Машинное обучение 2,Промышленное программирование на языке Java,Да,0.161434977578475,
2023-05-18 18:38:41,5ee2ad618729a6dc3bdb7f2858826ef0,628,,65,,,Язык SQL,Безопасность компьютерных систем,Теория баз данных,Компьютерные сети,Промышленное программирование на языке Java,Дискретная оптимизация,Да,0.513452914798206,
2023-05-18 18:53:41,5ee2ad618729a6dc3bdb7f2858826ef0,628,,65,,,Безопасность компьютерных систем,Язык SQL,Теория баз данных,Компьютерные сети,Промышленное программирование на языке Java,Дискретная оптимизация,Нет,0.513452914798206,
2023-05-18 18:55:40,32fea7beb180e7de64ad408013cc01ec,539,,65,,1,Безопасность компьютерных систем,Язык SQL,Матричные вычисления,Компьютерные сети,Промышленное программирование на языке Java,Системы баз данных,Да,0.910313901345291,
2023-05-18 19:08:20,bf24738793f54467434ad78be13a42bf,693,,64,,1,Безопасность компьютерных систем,Statistical Learning Theory,Матричные вычисления,Дополнительные главы прикладной статистики,Дискретная оптимизация,Промышленное программирование на языке Java,Да,0.210762331838565,
2023-05-18 19:09:00,f736e00dc03850c59649e77149895d5a,652,,66,,,Высокопроизводительные вычисления,Язык SQL,Безопасность компьютерных систем,Машинное обучение 2,Промышленное программирование на языке Java,Численные методы,Да,0.403587443946188,
2023-05-18 19:16:43,d08d06bc5d31e35616fafc59de6f2e34,691,,65,,1,Безопасность компьютерных систем,Матричные вычисления,Моделирование временных рядов,Промышленное программирование на языке Java,Компьютерные сети,Дополнительные главы прикладной статистики,Да,0.219730941704036,
2023-05-18 19:23:23,ff549c331d45453052f28ad2614afda9,723,,62,,,Моделирование временных рядов,Теория баз данных,Матричные вычисления,Численные методы,Анализ данных в бизнесе,Промышленное программирование на языке Java,Да,0.10762331838565,
2023-05-18 19:23:38,76d70b75a12f7b2ae593d02da6ed62ec,688,,66,,,Безопасность компьютерных систем,Моделирование временных рядов,Сбор и обработка данных с помощью краудсорсинга,Компьютерные сети,Машинное обучение 2,Системы баз данных,Да,0.233183856502242,
2023-05-18 19:25:39,5a6f07c1f6186408b43f0f8e729168e9,632,,66,,1,Моделирование временных рядов,Сбор и обработка данных с помощью краудсорсинга,Безопасность компьютерных систем,Компьютерные сети,Дополнительные главы прикладной статистики,Системы баз данных,Да,0.493273542600897,
2023-05-18 19:30:54,cc8e710c871ae8236b8b8705e6840793,559,,65,,,Безопасность компьютерных систем,Теория баз данных,Язык SQL,Компьютерные сети,Анализ данных в бизнесе,Машинное обучение 2,Да,0.834080717488789,
2023-05-18 19:34:58,8c191b9ac692c190f54e66167b0adc3e,620,,64,,,Statistical Learning Theory,Язык SQL,Принятие решений в условиях риска и неопределённости,Анализ данных в бизнесе,Дискретная оптимизация,Численные методы,Да,0.556053811659193,
2023-05-18 19:35:49,1c1623a037bd523d687245e6060e6c5b,595,,67,,,Сбор и обработка данных с помощью краудсорсинга,Язык SQL,Теория баз данных,Промышленное программирование на языке Java,Машинное обучение 2,Компьютерные сети,Да,0.672645739910314,
2023-05-18 19:36:10,d4c7805c20028b28a8e3713ccdeae2a1,702,,67,,1,Матричные вычисления,Сбор и обработка данных с помощью краудсорсинга,Моделирование временных рядов,Дополнительные главы прикладной статистики,Дискретная оптимизация,Численные методы,Да,0.170403587443946,
2023-05-18 19:36:51,f5d9f99cb876ca0888d18b6e444fa1b1,516,,67,,,Сбор и обработка данных с помощью краудсорсинга,Язык SQL,Теория баз данных,Промышленное программирование на языке Java,Машинное обучение 2,Компьютерные сети,Нет,0.982062780269058,
2023-05-18 19:49:54,b3eb1cdc4beffbdd5b29a8d54d649bc0,731,,65,,1,Безопасность компьютерных систем,Матричные вычисления,Моделирование временных рядов,Промышленное программирование на языке Java,Компьютерные сети,Дискретная оптимизация,Да,0.94170403587444,
2023-05-18 19:57:22,6f1c603284d031570af2e4be6c1afdcb,592,,65,,,Принятие решений в условиях риска и неопределённости,Высокопроизводительные вычисления,Язык SQL,Анализ данных в бизнесе,Компьютерные сети,Промышленное программирование на языке Java,Да,0.68609865470852,
2023-05-18 19:58:10,26e72efe2995eb032a25561b2bf78600,604,,67,,,Безопасность компьютерных систем,Высокопроизводительные вычисления,Моделирование временных рядов,Машинное обучение 2,Компьютерные сети,Системы баз данных,Да,0.632286995515695,
2023-05-18 20:03:03,a19f36ae8465cac527e8ce7b6ebf1213,541,,63,,,Язык SQL,Безопасность компьютерных систем,Теория баз данных,Промышленное программирование на языке Java,Компьютерные сети,Анализ данных в бизнесе,Да,0.901345291479821,
2023-05-18 20:18:51,ecc19831d7abd064f0488a9af2521920,580,,66,,,Язык SQL,Принятие решений в условиях риска и неопределённости,Теория баз данных,Системы баз данных,Анализ данных в бизнесе,Компьютерные сети,Да,0.739910313901345,
2023-05-18 20:21:28,2f8a48924249d2231659183d7654ed33,656,,67,,,Высокопроизводительные вычисления,Безопасность компьютерных систем,Statistical Learning Theory,Машинное обучение 2,Системы баз данных,Компьютерные сети,Да,0.385650224215247,
2023-05-18 20:21:46,6cd7de3774f07c65e44668cdf7e987b6,557,,63,,1,Моделирование временных рядов,Язык SQL,Высокопроизводительные вычисления,Промышленное программирование на языке Java,Анализ данных в бизнесе,Системы баз данных,Да,0.84304932735426,
2023-05-18 20:26:39,2b0d7dd550bcca4c586cbb27d8478aa8,619,,65,,,Безопасность компьютерных систем,Сбор и обработка данных с помощью краудсорсинга,Матричные вычисления,Компьютерные сети,Промышленное программирование на языке Java,Анализ данных в бизнесе,Да,0.560538116591928,
2023-05-18 20:34:07,fc2c60b8004aa91bc272df84628621ff,639,,63,,1,Язык SQL,Сбор и обработка данных с помощью краудсорсинга,Statistical Learning Theory,Системы баз данных,Машинное обучение 2,Анализ данных в бизнесе,Нет,0.461883408071749,
2023-05-18 20:47:03,bb94ed5af639819dac15574197c80da3,534,,64,,,Теория баз данных,Моделирование временных рядов,Принятие решений в условиях риска и неопределённости,Анализ данных в бизнесе,Численные методы,Системы баз данных,Да,0.923766816143498,
2023-05-18 20:47:28,5c49473012411a1eee72f8ea63767adf,573,,63,,,Язык SQL,Безопасность компьютерных систем,Теория баз данных,Промышленное программирование на языке Java,Компьютерные сети,Дискретная оптимизация,Да,0.773542600896861,
2023-05-18 20:48:02,59347ad5e9d8099a9a8fa58b841bdf05,708,,64,1,,Моделирование временных рядов,Теория баз данных,Принятие решений в условиях риска и неопределённости,Анализ данных в бизнесе,Численные методы,Системы баз данных,Да,0.143497757847534,
2023-05-18 20:50:49,5a6dfaade650ca8bb2d081342df303e8,549,,65,,,Безопасность компьютерных систем,Язык SQL,Матричные вычисления,Промышленное программирование на языке Java,Дополнительные главы прикладной статистики,Машинное обучение 2,Нет,0.869955156950673,
2023-05-18 20:50:53,72e79e6a79cb4025077b371cc6e54247,551,,64,,,Теория баз данных,Безопасность компьютерных систем,Statistical Learning Theory,Промышленное программирование на языке Java,Анализ данных в бизнесе,Численные методы,Да,0.865470852017937,
2023-05-18 20:57:09,42df9e301b39e4295fe849aa2abdfc7c,613,,61,,,Высокопроизводительные вычисления,Теория баз данных,Безопасность компьютерных систем,Промышленное программирование на языке Java,Компьютерные сети,Численные методы,Нет,0.591928251121076,
2023-05-18 21:02:28,5c49473012411a1eee72f8ea63767adf,573,,63,,,Безопасность компьютерных систем,Язык SQL,Теория баз данных,Промышленное программирование на языке Java,Компьютерные сети,Дискретная оптимизация,Нет,0.773542600896861,
2023-05-18 21:10:54,25a3ce0eea214df2aa6d25d395d594f0,644,,63,,,Моделирование временных рядов,Матричные вычисления,Язык SQL,Промышленное программирование на языке Java,Дополнительные главы прикладной статистики,Анализ данных в бизнесе,Да,0.439461883408072,
2023-05-18 21:12:00,be4fa2120de3397ae21eac38ff0060e3,502,,67,,,Безопасность компьютерных систем,Язык SQL,Матричные вычисления,Промышленное программирование на языке Java,Численные методы,Машинное обучение 2,Да,0.991031390134529,
2023-05-18 21:12:02,ffc58d371e2f52e1c7f45d49d3d629d0,659,,67,,1,Сбор и обработка данных с помощью краудсорсинга,Матричные вычисления,Моделирование временных рядов,Системы баз данных,Промышленное программирование на языке Java,Дополнительные главы прикладной статистики,Да,0.369955156950673,
2023-05-18 21:12:29,ac4e2062ca444a506991c212bd2dd872,562,,67,,,Безопасность компьютерных систем,Язык SQL,Матричные вычисления,Промышленное программирование на языке Java,Анализ данных в бизнесе,Численные методы,Нет,0.816143497757848,
2023-05-18 21:13:08,9c2251ef9825947b98265e4bfa887bcf,658,,68,,,Безопасность компьютерных систем,Матричные вычисления,Statistical Learning Theory,Дискретная оптимизация,Промышленное программирование на языке Java,Компьютерные сети,Да,0.376681614349776,
2023-05-18 21:15:01,f0db08ec702a03450390efdca4166cc2,603,,65,,1,Язык SQL,Матричные вычисления,Сбор и обработка данных с помощью краудсорсинга,Промышленное программирование на языке Java,Дискретная оптимизация,Компьютерные сети,Нет,0.636771300448431,
2023-05-18 21:15:58,a6ce02b12540bca3cdd15757f8a2e919,597,,65,,,Безопасность компьютерных систем,Сбор и обработка данных с помощью краудсорсинга,Матричные вычисления,Компьютерные сети,Промышленное программирование на языке Java,Анализ данных в бизнесе,Да,0.663677130044843,
2023-05-18 21:17:01,f3cc62fabaa597e8fe0b20ac2e6f46d3,742,,62,,1,Безопасность компьютерных систем,Язык SQL,Теория баз данных,Промышленное программирование на языке Java,Дискретная оптимизация,Компьютерные сети,Да,0.582959641255605,
2023-05-18 21:19:50,feb53dcdd28fff9dc4a981c3419fea6f,521,,66,1,,Безопасность компьютерных систем,Язык SQL,Сбор и обработка данных с помощью краудсорсинга,Промышленное программирование на языке Java,Анализ данных в бизнесе,Машинное обучение 2,Нет,0.968609865470852,
2023-05-18 21:24:21,876b1fbacdfe36cb2e3927aea554b1ff,660,,67,1,,Моделирование временных рядов,Сбор и обработка данных с помощью краудсорсинга,Теория баз данных,Анализ данных в бизнесе,Системы баз данных,Промышленное программирование на языке Java,Да,0.36322869955157,
2023-05-18 21:24:23,6ed89e424179b0510e3f7c0cb7369ad6,558,,67,,1,Моделирование временных рядов,Матричные вычисления,Язык SQL,Анализ данных в бизнесе,Промышленное программирование на языке Java,Машинное обучение 2,Да,0.838565022421525,
2023-05-18 21:26:52,e83471de8976e4fcfccf4ef417f07192,661,,67,,,Сбор и обработка данных с помощью краудсорсинга,Матричные вычисления,Моделирование временных рядов,Системы баз данных,Дополнительные главы прикладной статистики,Анализ данных в бизнесе,Да,0.358744394618834,
2023-05-18 21:27:02,ffc58d371e2f52e1c7f45d49d3d629d0,659,,67,,1,Матричные вычисления,Сбор и обработка данных с помощью краудсорсинга,Моделирование временных рядов,Системы баз данных,Промышленное программирование на языке Java,Дополнительные главы прикладной статистики,Нет,0.369955156950673,
2023-05-18 21:31:54,aa21f50934a72e00bbc7e65a54ea0bcc,666,,63,,,Безопасность компьютерных систем,Высокопроизводительные вычисления,Матричные вычисления,Машинное обучение 2,Компьютерные сети,Дискретная оптимизация,Нет,0.331838565022422,
2023-05-18 21:34:22,f8fab519d78047712c06798c8b7fe38f,561,,65,1,,Теория баз данных,Моделирование временных рядов,Язык SQL,Промышленное программирование на языке Java,Машинное обучение 2,Компьютерные сети,Да,0.822869955156951,
2023-05-18 21:35:05,a69948a1730e412eab71a4d4e70791e2,663,,68,,,Моделирование временных рядов,Матричные вычисления,Язык SQL,Машинное обучение 2,Дополнительные главы прикладной статистики,Анализ данных в бизнесе,Да,0.349775784753363,
2023-05-18 21:36:30,2826fc94cd575c8f7b0a2416506e70e5,614,,65,,,Высокопроизводительные вычисления,Безопасность компьютерных систем,Теория баз данных,Дискретная оптимизация,Машинное обучение 2,Компьютерные сети,Да,0.587443946188341,
2023-05-18 21:36:52,9015b809a29fb65ce23d7addf16d770d,665,,68,1,,Моделирование временных рядов,Язык SQL,Матричные вычисления,Машинное обучение 2,Промышленное программирование на языке Java,Компьютерные сети,Да,0.338565022421525,
2023-05-18 21:38:00,b3e75ee2a708cef65cc2f80da894dd50,560,,67,,,Безопасность компьютерных систем,Моделирование временных рядов,Язык SQL,Анализ данных в бизнесе,Промышленное программирование на языке Java,Численные методы,Да,0.829596412556054,
2023-05-18 21:41:33,ea9d7e5f21ee102565b1437b26eb1144,582,,63,,,Язык SQL,Сбор и обработка данных с помощью краудсорсинга,Высокопроизводительные вычисления,Промышленное программирование на языке Java,Дополнительные главы прикладной статистики,Анализ данных в бизнесе,Да,0.730941704035874,
2023-05-18 21:44:47,760529fb42ad1fd50071e2ceeadaaedc,570,,68,,,Язык SQL,Сбор и обработка данных с помощью краудсорсинга,Моделирование временных рядов,Промышленное программирование на языке Java,Машинное обучение 2,Компьютерные сети,Нет,0.7847533632287,
2023-05-18 21:45:31,b8dab0479a00af2eb75deaf54dd9a442,697,,68,1,,Моделирование временных рядов,Язык SQL,Сбор и обработка данных с помощью краудсорсинга,Промышленное программирование на языке Java,Дополнительные главы прикладной статистики,Дискретная оптимизация,Да,0.188340807174888,
2023-05-18 21:47:05,9fa4bc4eb50e574e88b670a86781860b,600,,68,,,Язык SQL,Высокопроизводительные вычисления,Сбор и обработка данных с помощью краудсорсинга,Промышленное программирование на языке Java,Компьютерные сети,Машинное обучение 2,Нет,0.650224215246637,
2023-05-18 21:49:22,f8fab519d78047712c06798c8b7fe38f,561,,65,1,,Моделирование временных рядов,Теория баз данных,Язык SQL,Промышленное программирование на языке Java,Машинное обучение 2,Компьютерные сети,Нет,0.822869955156951,
2023-05-18 21:51:40,b6fcd3cdcbbd950b4207acb65ee12d03,737,,62,,1,Безопасность компьютерных систем,Матричные вычисления,Язык SQL,Промышленное программирование на языке Java,Компьютерные сети,Дополнительные главы прикладной статистики,Да,0.717488789237668,
2023-05-18 21:51:52,9015b809a29fb65ce23d7addf16d770d,665,,68,1,,Язык SQL,Моделирование временных рядов,Матричные вычисления,Машинное обучение 2,Промышленное программирование на языке Java,Компьютерные сети,Нет,0.338565022421525,
2023-05-18 21:53:48,cabc5ea85cac3029dc2aecc4955f9cf3,686,,62,,1,Безопасность компьютерных систем,Сбор и обработка данных с помощью краудсорсинга,Язык SQL,Дискретная оптимизация,Промышленное программирование на языке Java,Компьютерные сети,Да,0.242152466367713,
2023-05-18 21:54:53,ac2fd77f2ec0186c95f16e6721fd5998,533,,64,,1,Безопасность компьютерных систем,Матричные вычисления,Сбор и обработка данных с помощью краудсорсинга,Системы баз данных,Компьютерные сети,Дополнительные главы прикладной статистики,Да,0.928251121076233,
2023-05-18 21:56:01,6257850b5decedd464341a5b763e3b4a,631,,64,,,Теория баз данных,Безопасность компьютерных систем,Моделирование временных рядов,Машинное обучение 2,Промышленное программирование на языке Java,Компьютерные сети,Да,0.497757847533632,
2023-05-18 21:57:39,7f8feb54319e52cb63ad437f4128a9d8,540,,66,,,Сбор и обработка данных с помощью краудсорсинга,Безопасность компьютерных систем,Язык SQL,Машинное обучение 2,Компьютерные сети,Системы баз данных,Да,0.905829596412556,
2023-05-18 21:59:29,f0f01fe07310ce6f403894eb624ac323,657,,63,,,Высокопроизводительные вычисления,Язык SQL,Принятие решений в условиях риска и неопределённости,Промышленное программирование на языке Java,Системы баз данных,Анализ данных в бизнесе,Нет,0.381165919282511,
2023-05-18 21:59:48,723d5f32b699c971b4095a017c883ffa,759,,64,,1,Statistical Learning Theory,Безопасность компьютерных систем,Матричные вычисления,Дополнительные главы прикладной статистики,Дискретная оптимизация,Численные методы,Да,0.179372197309418,
2023-05-18 22:00:56,67e3336ac46b6030f7b25853154783c6,740,,61,,,Безопасность компьютерных систем,Высокопроизводительные вычисления,Матричные вычисления,Дискретная оптимизация,Машинное обучение 2,Системы баз данных,Да,0.672645739910314,
2023-05-18 22:05:04,1ed2386f4de225ae7aa6cfd5772d9c50,548,,63,,,Моделирование временных рядов,Сбор и обработка данных с помощью краудсорсинга,Матричные вычисления,Дополнительные главы прикладной статистики,Численные методы,Анализ данных в бизнесе,Да,0.874439461883408,
2023-05-18 22:08:11,00b40fe7dbfd23e5daba765244509415,542,,67,,,Безопасность компьютерных систем,Язык SQL,Матричные вычисления,Промышленное программирование на языке Java,Компьютерные сети,Анализ данных в бизнесе,Да,0.896860986547085,
2023-05-18 22:08:14,cfe9fd28e4cbe0b46594b21f3067e30a,553,,68,,,Язык SQL,Сбор и обработка данных с помощью краудсорсинга,Высокопроизводительные вычисления,Промышленное программирование на языке Java,Анализ данных в бизнесе,Системы баз данных,Да,0.856502242152466,
2023-05-18 22:09:23,f81cc449798c2d8971612dc9a749ad2a,637,,66,,,Высокопроизводительные вычисления,Язык SQL,Моделирование временных рядов,Компьютерные сети,Анализ данных в бизнесе,Дискретная оптимизация,Нет,0.47085201793722,
2023-05-18 22:09:59,dbcac463fe0b6294743107a9e74356c5,525,,66,,,Сбор и обработка данных с помощью краудсорсинга,Безопасность компьютерных систем,Моделирование временных рядов,Машинное обучение 2,Компьютерные сети,Промышленное программирование на языке Java,Нет,0.955156950672646,
2023-05-18 22:15:33,68f1b5165e9e310fcf920fb903117061,638,,68,1,,Моделирование временных рядов,Сбор и обработка данных с помощью краудсорсинга,Язык SQL,Промышленное программирование на языке Java,Анализ данных в бизнесе,Компьютерные сети,Да,0.466367713004484,
2023-05-18 22:15:41,b4f1f195bd1bc63490a7bc42275a71cd,536,,67,,,Высокопроизводительные вычисления,Безопасность компьютерных систем,Язык SQL,Компьютерные сети,Промышленное программирование на языке Java,Дискретная оптимизация,Да,0.919282511210762,
2023-05-18 22:17:10,54b211907aac0ebbb8f853ab1fc4eecb,676,,65,,,Сбор и обработка данных с помощью краудсорсинга,Безопасность компьютерных систем,Statistical Learning Theory,Машинное обучение 2,Системы баз данных,Промышленное программирование на языке Java,Да,0.286995515695067,
2023-05-18 22:20:36,c7544f6c00a5164efdef675410d62e94,586,,63,,,Язык SQL,Теория баз данных,Безопасность компьютерных систем,Промышленное программирование на языке Java,Дискретная оптимизация,Компьютерные сети,Да,0.713004484304933,
2023-05-18 22:24:55,f2ed8115db45ef795ced2701fa86515d,574,,67,,,Безопасность компьютерных систем,Высокопроизводительные вычисления,Statistical Learning Theory,Компьютерные сети,Системы баз данных,Машинное обучение 2,Да,0.766816143497758,
2023-05-18 22:29:14,40b18d40197e3db66312a026e06b8ff1,515,,68,,,Безопасность компьютерных систем,Язык SQL,Сбор и обработка данных с помощью краудсорсинга,Промышленное программирование на языке Java,Компьютерные сети,Анализ данных в бизнесе,Нет,0.986547085201794,
2023-05-18 22:32:20,851497aadac83e844753bb3b2163c79b,654,,63,,,Безопасность компьютерных систем,Высокопроизводительные вычисления,Язык SQL,Промышленное программирование на языке Java,Компьютерные сети,Системы баз данных,Да,0.394618834080718,
2023-05-18 22:35:46,ddea5295ac96e74f05982e47c7ab4ff4,607,,65,,,Моделирование временных рядов,Безопасность компьютерных систем,Сбор и обработка данных с помощью краудсорсинга,Промышленное программирование на языке Java,Машинное обучение 2,Анализ данных в бизнесе,Да,0.618834080717489,
2023-05-18 22:36:17,227347077a7d1d0544ddf5643b97cf8c,633,,65,,,Безопасность компьютерных систем,Сбор и обработка данных с помощью краудсорсинга,Матричные вычисления,Машинное обучение 2,Промышленное программирование на языке Java,Системы баз данных,Да,0.488789237668161,
2023-05-18 22:36:34,8aa0f1b7331b49464174b02cd693be52,567,,67,,,Язык SQL,Безопасность компьютерных систем,Теория баз данных,Компьютерные сети,Промышленное программирование на языке Java,Системы баз данных,Да,0.795964125560538,
2023-05-18 22:48:12,73fc0f1b300e6e49167b5f771586fe20,643,,63,,,Высокопроизводительные вычисления,Безопасность компьютерных систем,Язык SQL,Промышленное программирование на языке Java,Компьютерные сети,Системы баз данных,Да,0.443946188340807,
2023-05-18 22:51:34,8aa0f1b7331b49464174b02cd693be52,567,,67,,,Безопасность компьютерных систем,Язык SQL,Теория баз данных,Компьютерные сети,Промышленное программирование на языке Java,Системы баз данных,Нет,0.795964125560538,
2023-05-18 22:52:21,5d9b916c90c54a5cba29b2618a029e66,687,,66,,1,Сбор и обработка данных с помощью краудсорсинга,Матричные вычисления,Безопасность компьютерных систем,Промышленное программирование на языке Java,Компьютерные сети,Дополнительные главы прикладной статистики,Да,0.237668161434978,
2023-05-18 22:56:27,6388c7920a7d454d2db81430f1f231c4,599,,63,,,Безопасность компьютерных систем,Матричные вычисления,Моделирование временных рядов,Промышленное программирование на языке Java,Компьютерные сети,Дискретная оптимизация,Да,0.654708520179372,
2023-05-18 23:01:03,abceddfa2fc4eae8cff4a4e712abb3fb,664,,63,,1,Моделирование временных рядов,Принятие решений в условиях риска и неопределённости,Statistical Learning Theory,Машинное обучение 2,Промышленное программирование на языке Java,Дополнительные главы прикладной статистики,Да,0.345291479820628,
2023-05-18 23:02:55,6541d659f05e45043d1b65e98e16a718,681,,62,,1,Безопасность компьютерных систем,Матричные вычисления,Язык SQL,Компьютерные сети,Промышленное программирование на языке Java,Дискретная оптимизация,Да,0.26457399103139,
2023-05-18 23:07:27,45bb9abd8d10c9b079317e6807b53ea9,677,,63,,,Высокопроизводительные вычисления,Язык SQL,Безопасность компьютерных систем,Компьютерные сети,Промышленное программирование на языке Java,Системы баз данных,Да,0.282511210762332,
2023-05-18 23:09:34,5a66e3b77559d14dd20fc4df99671688,564,,63,,,Язык SQL,Высокопроизводительные вычисления,Теория баз данных,Компьютерные сети,Промышленное программирование на языке Java,Дискретная оптимизация,Да,0.807174887892377,
2023-05-18 23:10:18,8a1162ce3c94d8974210a24f4b4f5f74,707,,62,,1,Сбор и обработка данных с помощью краудсорсинга,Язык SQL,Безопасность компьютерных систем,Промышленное программирование на языке Java,Дополнительные главы прикладной статистики,Анализ данных в бизнесе,Да,0.147982062780269,
2023-05-18 23:10:31,3d67beeab64f7fe112a8d9e41efbe916,705,,63,,1,Безопасность компьютерных систем,Сбор и обработка данных с помощью краудсорсинга,Язык SQL,Промышленное программирование на языке Java,Компьютерные сети,Дискретная оптимизация,Да,0.15695067264574,
2023-05-18 23:11:05,813663487952e66e7c39d29b0931206d,585,,63,,,Язык SQL,Высокопроизводительные вычисления,Теория баз данных,Компьютерные сети,Промышленное программирование на языке Java,Дискретная оптимизация,Да,0.717488789237668,
2023-05-18 23:20:28,86c24daaa62246142d46ee58534a65e0,530,,64,,,Моделирование временных рядов,Сбор и обработка данных с помощью краудсорсинга,Теория баз данных,Анализ данных в бизнесе,Численные методы,Системы баз данных,Да,0.939461883408072,
2023-05-18 23:22:00,1c91e6c5375cf4a1cba48bdca79f7a78,714,,66,,1,Сбор и обработка данных с помощью краудсорсинга,Язык SQL,Матричные вычисления,Промышленное программирование на языке Java,Дополнительные главы прикладной статистики,Анализ данных в бизнесе,Да,0.130044843049327,
2023-05-18 23:25:19,a1184a8dbbf9a7418b634339bed7e9b1,629,,63,,,Сбор и обработка данных с помощью краудсорсинга,Язык SQL,Безопасность компьютерных систем,Компьютерные сети,Промышленное программирование на языке Java,Системы баз данных,Нет,0.506726457399103,
2023-05-18 23:30:27,7bf79897c5645954846e2e03ec803887,653,,66,,1,Безопасность компьютерных систем,Язык SQL,Сбор и обработка данных с помощью краудсорсинга,Дискретная оптимизация,Компьютерные сети,Промышленное программирование на языке Java,Да,0.399103139013453,
2023-05-18 23:31:33,7e844607673355cefa63252f558b69cb,674,,61,,1,Безопасность компьютерных систем,Высокопроизводительные вычисления,Теория баз данных,Компьютерные сети,Системы баз данных,Промышленное программирование на языке Java,Да,0.295964125560538,
2023-05-18 23:31:58,79d226799eb1a34d5083fcc0ca933952,720,,67,,1,Безопасность компьютерных систем,Сбор и обработка данных с помощью краудсорсинга,Язык SQL,Промышленное программирование на языке Java,Компьютерные сети,Системы баз данных,Да,0.116591928251121,
2023-05-18 23:35:28,86c24daaa62246142d46ee58534a65e0,530,,64,,,Сбор и обработка данных с помощью краудсорсинга,Моделирование временных рядов,Теория баз данных,Анализ данных в бизнесе,Численные методы,Системы баз данных,Нет,0.939461883408072,
2023-05-18 23:38:11,f941beb89ecc5c59076bcfa79691116c,610,,66,1,,Теория баз данных,Принятие решений в условиях риска и неопределённости,Сбор и обработка данных с помощью краудсорсинга,Промышленное программирование на языке Java,Анализ данных в бизнесе,Системы баз данных,Да,0.605381165919283,
2023-05-18 23:38:34,162cbdeec1b766ab857df93cdf9d65f4,554,,63,,,Язык SQL,Сбор и обработка данных с помощью краудсорсинга,Матричные вычисления,Анализ данных в бизнесе,Промышленное программирование на языке Java,Машинное обучение 2,Да,0.852017937219731,
2023-05-18 23:40:12,addc4cb9d1641fa3f5dc02329c7e8d6c,671,,65,,,Моделирование временных рядов,Язык SQL,Теория баз данных,Машинное обучение 2,Промышленное программирование на языке Java,Численные методы,Да,0.309417040358744,
2023-05-18 23:40:41,47e2d8bbb630bc2d9b3fbf98fe77cffb,616,,68,,,Язык SQL,Сбор и обработка данных с помощью краудсорсинга,Высокопроизводительные вычисления,Компьютерные сети,Промышленное программирование на языке Java,Машинное обучение 2,Да,0.576233183856502,
2023-05-18 23:43:04,4ab8340cfb08da86c14a2cc3c3fad908,683,,62,,1,Statistical Learning Theory,Безопасность компьютерных систем,Язык SQL,Дискретная оптимизация,Промышленное программирование на языке Java,Анализ данных в бизнесе,Да,0.255605381165919,
2023-05-18 23:43:49,2b844a1be49f4ed2d578fb50b752883b,685,,64,,1,Безопасность компьютерных систем,Матричные вычисления,Высокопроизводительные вычисления,Дополнительные главы прикладной статистики,Дискретная оптимизация,Промышленное программирование на языке Java,Да,0.246636771300449,
2023-05-18 23:47:37,b75b5f8abebf7faf4adbb6247d6d03bb,590,,64,1,,Безопасность компьютерных систем,Statistical Learning Theory,Сбор и обработка данных с помощью краудсорсинга,Анализ данных в бизнесе,Компьютерные сети,Машинное обучение 2,Нет,0.695067264573991,
2023-05-18 23:48:02,95cf121698ebc89ac0cf74625d714d1d,696,,63,,,Безопасность компьютерных систем,Теория баз данных,Высокопроизводительные вычисления,Промышленное программирование на языке Java,Системы баз данных,Компьютерные сети,Да,0.192825112107623,
2023-05-18 23:51:24,bc4974fa622838af7586a7b67d1f3a28,617,,68,,,Высокопроизводительные вычисления,Язык SQL,Сбор и обработка данных с помощью краудсорсинга,Компьютерные сети,Промышленное программирование на языке Java,Машинное обучение 2,Да,0.569506726457399,
2023-05-18 23:53:18,d5557a9bcd58a786fa8d5aab48b82ddf,718,,66,,1,Безопасность компьютерных систем,Моделирование временных рядов,Язык SQL,Компьютерные сети,Промышленное программирование на языке Java,Дискретная оптимизация,Нет,0.125560538116592,
2023-05-18 23:54:02,6a93b58f867db41e822a03c26c1bd428,577,,68,,,Сбор и обработка данных с помощью краудсорсинга,Принятие решений в условиях риска и неопределённости,Высокопроизводительные вычисления,Системы баз данных,Численные методы,Анализ данных в бизнесе,Да,0.753363228699552,
2023-05-18 23:55:41,47e2d8bbb630bc2d9b3fbf98fe77cffb,616,,68,,,Сбор и обработка данных с помощью краудсорсинга,Язык SQL,Высокопроизводительные вычисления,Компьютерные сети,Промышленное программирование на языке Java,Машинное обучение 2,Нет,0.576233183856502,
2023-05-18 23:55:54,5ab47e4eef1a7c1899da4da200049038,649,,64,1,,Моделирование временных рядов,Матричные вычисления,Принятие решений в условиях риска и неопределённости,Численные методы,Анализ данных в бизнесе,Дополнительные главы прикладной статистики,Да,0.417040358744395,
2023-05-18 23:59:29,f7f123322f77fd451a30ed4979c323fc,578,,65,,,Язык SQL,Безопасность компьютерных систем,Теория баз данных,Промышленное программирование на языке Java,Компьютерные сети,Системы баз данных,Нет,0.748878923766816,
2023-05-19 00:00:51,840e108d7366fbf4f985f267c74ad523,675,,68,,,Высокопроизводительные вычисления,Сбор и обработка данных с помощью краудсорсинга,Язык SQL,Компьютерные сети,Промышленное программирование на языке Java,Машинное обучение 2,Нет,0.291479820627803,
2023-05-19 00:09:12,efc406545c2b0e958ec89b4c1e4f7a28,615,,67,,,Безопасность компьютерных систем,Язык SQL,Высокопроизводительные вычисления,Системы баз данных,Компьютерные сети,Машинное обучение 2,Да,0.582959641255605,
2023-05-19 00:21:41,cef7df6fa798b759b2a5763b7d0c5d38,750,,61,,,Матричные вычисления,Statistical Learning Theory,Высокопроизводительные вычисления,Компьютерные сети,Дискретная оптимизация,Промышленное программирование на языке Java,Да,0.493273542600897,
2023-05-19 00:22:56,04f9a2dd035a040318ecd064959df3a0,757,,62,,1,Безопасность компьютерных систем,Сбор и обработка данных с помощью краудсорсинга,Statistical Learning Theory,Промышленное программирование на языке Java,Компьютерные сети,Дискретная оптимизация,Да,0.269058295964125,
2023-05-19 00:23:18,c7f617262a8d9350bcbba27f6d65d86a,587,,61,,,Высокопроизводительные вычисления,Безопасность компьютерных систем,Язык SQL,Машинное обучение 2,Машинное обучение 2,Компьютерные сети,Нет,0.708520179372197,
2023-05-19 00:23:26,bbc73542db4946bde4d115b4dd944427,609,,61,,,Высокопроизводительные вычисления,Безопасность компьютерных систем,Язык SQL,Машинное обучение 2,Компьютерные сети,Дискретная оптимизация,Нет,0.609865470852018,
2023-05-19 01:06:33,b5548f676fbdd51ea08b8c3cc6c81105,583,,68,,,Безопасность компьютерных систем,Сбор и обработка данных с помощью краудсорсинга,Язык SQL,Компьютерные сети,Системы баз данных,Системы баз данных,Да,0.726457399103139,
2023-05-19 01:15:42,1386d00c9c8229c2be3c0956949ee122,545,,61,,,Statistical Learning Theory,Моделирование временных рядов,Сбор и обработка данных с помощью краудсорсинга,Машинное обучение 2,Дискретная оптимизация,Численные методы,Да,0.887892376681614,
2023-05-19 03:24:28,c154bbf18efdd4d760e52155eaa87929,635,,65,1,,Безопасность компьютерных систем,Сбор и обработка данных с помощью краудсорсинга,Высокопроизводительные вычисления,Компьютерные сети,Машинное обучение 2,Промышленное программирование на языке Java,Да,0.479820627802691,
2023-05-19 18:12:01,4d7035f3a6d0c55c4fbcf4031679545a,621,,61,,,Язык SQL,Statistical Learning Theory,Высокопроизводительные вычисления,Машинное обучение 2,Компьютерные сети,Анализ данных в бизнесе,Да,0.551569506726457,
2023-05-20 11:34:10,7a21ef645ecb42198be493dd65320e78,495,,68,,,Принятие решений в условиях риска и неопределённости,Язык SQL,Сбор и обработка данных с помощью краудсорсинга,Анализ данных в бизнесе,Промышленное программирование на языке Java,Дополнительные главы прикладной статистики,Да,0.995515695067265,
2023-05-20 11:49:38,bd416140ecdb32b6dbd7f40820bf63b1,518,,65,,,Безопасность компьютерных систем,Теория баз данных,Язык SQL,Машинное обучение 2,Компьютерные сети,Промышленное программирование на языке Java,Да,0.977578475336323,
2023-05-20 11:57:07,e6f5eb76b34e7ab7bac753e6cb0a2279,634,,64,,,Теория баз данных,Безопасность компьютерных систем,Моделирование временных рядов,Компьютерные сети,Промышленное программирование на языке Java,Анализ данных в бизнесе,Да,0.484304932735426,
2023-05-21 16:33:15,1341f488fae5f1ccf164960fd6506cd0,584,,68,,,Язык SQL,Теория баз данных,Безопасность компьютерных систем,Промышленное программирование на языке Java,Компьютерные сети,Системы баз данных,Да,0.721973094170404,
2023-05-24 01:21:31,04bcb5c9d23813ffa940e1febb27fadc,646,,66,,,Теория баз данных,Высокопроизводительные вычисления,Безопасность компьютерных систем,Компьютерные сети,Дискретная оптимизация,Машинное обучение 2,Нет,0.430493273542601,
2023-05-24 01:23:31,9d19b0d5f4fc8d7edc2258406f872c4e,695,,68,,,Безопасность компьютерных систем,Язык SQL,Высокопроизводительные вычисления,Компьютерные сети,Дискретная оптимизация,Численные методы,Нет,0.197309417040359,
2023-05-14 20:23:21,d555d2805e1d93d4f023e57dc4c8f403,996,42,,,,Безопасность компьютерных систем,Глубинное обучение в обработке звука,Байесовские методы машинного обучения,Компьютерное зрение,Обучение с подкреплением,Проектирование и разработка высоконагруженных сервисов,Да,0.963768115942029,DevOps
2023-05-14 20:47:13,253bbe1a2021d0404712a1e4acd22939,1106,46,,,,Безопасность компьютерных систем,Моделирование временных рядов,Statistical Learning Theory,Проектирование и разработка высоконагруженных сервисов,Численные методы,Методы сжатия и передачи медиаданных,Да,0.673913043478261,DevOps
2023-05-14 20:52:42,881b1a6fda195b354ae2edb396a69f5d,1084,42,,,,Безопасность компьютерных систем,Анализ неструктурированных данных,Глубинное обучение в обработке звука,Компьютерное зрение,Проектирование и разработка высоконагруженных сервисов,Генеративные модели в машинном обучении,Да,0.782608695652174,DevOps
2023-05-14 21:03:02,5a9b8ac11ad05b39a58b0e04a263bf4c,1170,41,,,,Глубинное обучение в обработке звука,Statistical Learning Theory,Сбор и обработка данных с помощью краудсорсинга,Конфликты и кооперация,Обучение с подкреплением,Генеративные модели в машинном обучении,Да,0.442028985507246,DevOps
2023-05-14 21:10:54,1bbbfae51794b83c769b634be8da7b8d,1078,46,,,,Безопасность компьютерных систем,Высокопроизводительные вычисления,Анализ неструктурированных данных,Проектирование и разработка высоконагруженных сервисов,Методы сжатия и передачи медиаданных,Конфликты и кооперация,Да,0.789855072463768,DevOps
2023-05-14 21:10:58,8c3aa7371731bef999519c3de2c47423,1101,46,,,,Безопасность компьютерных систем,Высокопроизводительные вычисления,Анализ неструктурированных данных,Проектирование и разработка высоконагруженных сервисов,Методы сжатия и передачи медиаданных,Конфликты и кооперация,Да,0.695652173913044,DevOps
2023-05-14 21:11:10,1b7e1b30238f393811a2b48c6f6a060f,1129,45,,,,Высокопроизводительные вычисления,Безопасность компьютерных систем,Сбор и обработка данных с помощью краудсорсинга,Проектирование и разработка высоконагруженных сервисов,Методы сжатия и передачи медиаданных,Компьютерное зрение,Да,0.594202898550725,DevOps
2023-05-14 21:22:23,d670dfbe253658a4e427a5569c59de9e,1209,45,,,,Высокопроизводительные вычисления,Безопасность компьютерных систем,Принятие решений в условиях риска и неопределённости,Проектирование и разработка высоконагруженных сервисов,Методы сжатия и передачи медиаданных,Конфликты и кооперация,Да,0.268115942028986,DevOps
2023-05-14 21:52:43,3a7326c9e355a67d3805824ca34c4bc5,1457,43,,,,Statistical Learning Theory,Высокопроизводительные вычисления,Statistical Learning Theory,Символьные вычисления,Численные методы,Символьные вычисления,Да,0.561248557336586,Введение в дифференциальную геометрию
2023-05-14 22:00:50,2ca6917be428f8b84f6f15cdcbea2143,1071,42,,,,Анализ неструктурированных данных,Глубинное обучение в обработке звука,Высокопроизводительные вычисления,Проектирование и разработка высоконагруженных сервисов,Обучение с подкреплением,Генеративные модели в машинном обучении,Да,0.818840579710145,DevOps
2023-05-14 22:14:39,3e88c8d53bcd73595d2bbcdd8c51c1bf,1118,42,,,,Байесовские методы машинного обучения,Сбор и обработка данных с помощью краудсорсинга,Анализ неструктурированных данных,Компьютерное зрение,Проектирование и разработка высоконагруженных сервисов,Обучение с подкреплением,Да,0.63768115942029,DevOps
2023-05-14 22:44:48,308ec2ced0092de5474a1a8f4c0bfcfd,1237,45,,,,Высокопроизводительные вычисления,Безопасность компьютерных систем,Моделирование временных рядов,Проектирование и разработка высоконагруженных сервисов,Методы сжатия и передачи медиаданных,Численные методы,Да,0.188405797101449,DevOps
2023-05-14 22:53:32,8e8d87fd686122d2c061d7b1eea2d3c5,1217,45,,,,Безопасность компьютерных систем,Высокопроизводительные вычисления,Сбор и обработка данных с помощью краудсорсинга,Проектирование и разработка высоконагруженных сервисов,Методы сжатия и передачи медиаданных,Генеративные модели в машинном обучении,Да,0.253623188405797,DevOps
2023-05-14 22:57:27,5d1deb0ae3a69348a018881ac785fd90,1066,43,,,,Высокопроизводительные вычисления,Безопасность компьютерных систем,Statistical Learning Theory,Методы сжатия и передачи медиаданных,Символьные вычисления,Компьютерное зрение,Да,0.826086956521739,DevOps
2023-05-14 23:16:27,e242616383e4cb90672c3dbcf146bf3b,1273,46,,,,Безопасность компьютерных систем,Сбор и обработка данных с помощью краудсорсинга,Глубинное обучение в обработке звука,Проектирование и разработка высоконагруженных сервисов,Методы сжатия и передачи медиаданных,Компьютерное зрение,Да,0.115942028985507,DevOps
2023-05-14 23:31:44,e22f8203911170e6b68b1b88cf85fee2,1247,45,,,,Высокопроизводительные вычисления,Безопасность компьютерных систем,Моделирование временных рядов,Проектирование и разработка высоконагруженных сервисов,Методы сжатия и передачи медиаданных,Численные методы,Да,0.152173913043478,Введение в дифференциальную геометрию
2023-05-14 23:33:21,e0fceae1e285f737630bb6123a1bd85d,1203,43,,,,Высокопроизводительные вычисления,Высокопроизводительные вычисления,Высокопроизводительные вычисления,Проектирование и разработка высоконагруженных сервисов,Проектирование и разработка высоконагруженных сервисов,Символьные вычисления,Да,0.311594202898551,DevOps
2023-05-14 23:33:26,276e2ccf4903d4ddf856b20a2b08394e,1123,43,,,,Байесовские методы машинного обучения,Statistical Learning Theory,Глубинное обучение в обработке звука,Конфликты и кооперация,Обучение с подкреплением,Символьные вычисления,Да,0.623188405797101,Введение в дифференциальную геометрию
2023-05-15 13:37:30,ea682b140a15d40156a00aaf0234a91e,1172,45,,,,Анализ неструктурированных данных,Глубинное обучение в обработке звука,Байесовские методы машинного обучения,Обучение с подкреплением,Проектирование и разработка высоконагруженных сервисов,Генеративные модели в машинном обучении,Да,0.434782608695652,Соревновательный анализ данных
2023-05-15 14:40:08,e6f751a81ab2d5197e8237a96656144d,1047,46,,,,Высокопроизводительные вычисления,Statistical Learning Theory,Моделирование временных рядов,Проектирование и разработка высоконагруженных сервисов,Численные методы,Компьютерное зрение,Да,0.884057971014493,Соревновательный анализ данных
2023-05-15 22:45:38,594c54bb30547b44c9cc617aa2754f10,1293,44,,,,Безопасность компьютерных систем,Моделирование временных рядов,Высокопроизводительные вычисления,Методы сжатия и передачи медиаданных,Компьютерное зрение,Проектирование и разработка высоконагруженных сервисов,Да,0.72463768115942,DevOps
2023-05-15 23:07:20,492c677be00bb8223ebbaffa3aff2549,1216,43,,,,Безопасность компьютерных систем,Анализ неструктурированных данных,Глубинное обучение в обработке звука,Проектирование и разработка высоконагруженных сервисов,Генеративные модели в машинном обучении,Обучение с подкреплением,Да,0.260869565217391,DevOps
2023-05-16 01:07:58,180cf0e0dc7a6f88e76e3076cb761d26,1051,47,,,,Безопасность компьютерных систем,Высокопроизводительные вычисления,Сбор и обработка данных с помощью краудсорсинга,Проектирование и разработка высоконагруженных сервисов,Конфликты и кооперация,Численные методы,Да,0.869565217391304,DevOps
2023-05-16 13:41:15,e86ac9984ebea336a2a71b6bd9929702,1240,43,,,,Statistical Learning Theory,Байесовские методы машинного обучения,Высокопроизводительные вычисления,Символьные вычисления,Компьютерное зрение,Проектирование и разработка высоконагруженных сервисов,Да,0.173913043478261,Введение в дифференциальную геометрию
2023-05-16 22:20:51,93c0280966ae263fe26c5d78f719f2ae,1265,41,,,,Анализ неструктурированных данных,Байесовские методы машинного обучения,Моделирование временных рядов,Генеративные модели в машинном обучении,Компьютерное зрение,Обучение с подкреплением,Да,0.130434782608696,Соревновательный анализ данных
2023-05-17 03:06:53,fc833a2815fa010d53b0047244438d9d,1250,43,,,,Statistical Learning Theory,Байесовские методы машинного обучения,Моделирование временных рядов,Символьные вычисления,Компьютерное зрение,Конфликты и кооперация,Да,0.144927536231884,Введение в дифференциальную геометрию
2023-05-17 11:16:46,1a45910254951a8a55dd65cf4dc24b6d,1206,41,,,,Анализ неструктурированных данных,Байесовские методы машинного обучения,Statistical Learning Theory,Компьютерное зрение,Обучение с подкреплением,Проектирование и разработка высоконагруженных сервисов,Да,0.282608695652174,Соревновательный анализ данных
2023-05-17 11:31:43,b3cbd3541c0cf66ff4eb2bc1596bb149,1333,43,,,,Байесовские методы машинного обучения,Statistical Learning Theory,Моделирование временных рядов,Символьные вычисления,Обучение с подкреплением,Генеративные модели в машинном обучении,Да,0.217391304347826,Соревновательный анализ данных
2023-05-17 13:02:46,82bc94a50a6c08a67ad9bf3d9791c459,1199,45,,,,Моделирование временных рядов,Безопасность компьютерных систем,Анализ неструктурированных данных,Численные методы,Компьютерное зрение,Обучение с подкреплением,Да,0.340579710144928,Введение в дифференциальную геометрию
2023-05-17 14:16:14,e11399490117e1913ae79d09a5a2b981,1053,42,,,,Анализ неструктурированных данных,Глубинное обучение в обработке звука,Высокопроизводительные вычисления,Обучение с подкреплением,Проектирование и разработка высоконагруженных сервисов,Компьютерное зрение,Да,0.855072463768116,DevOps
2023-05-17 14:35:15,a31027b4218c8cca257f9b9cd07791d2,1032,42,,,,Анализ неструктурированных данных,Сбор и обработка данных с помощью краудсорсинга,Безопасность компьютерных систем,Обучение с подкреплением,Конфликты и кооперация,Компьютерное зрение,Да,0.91304347826087,DevOps
2023-05-17 14:43:12,fc8b84c5df1ea8bf6e5da51945124d57,1204,41,,,,Байесовские методы машинного обучения,Высокопроизводительные вычисления,Анализ неструктурированных данных,Проектирование и разработка высоконагруженных сервисов,Обучение с подкреплением,Компьютерное зрение,Да,0.304347826086957,DevOps
2023-05-17 14:54:06,674d6e333a907d65780e9618436f1952,1098,42,,,,Байесовские методы машинного обучения,Анализ неструктурированных данных,Сбор и обработка данных с помощью краудсорсинга,Обучение с подкреплением,Компьютерное зрение,Генеративные модели в машинном обучении,Да,0.710144927536232,DevOps
2023-05-17 14:56:23,71c8f779c794a59d749092a11a350557,1128,42,,,,Безопасность компьютерных систем,Глубинное обучение в обработке звука,Моделирование временных рядов,Обучение с подкреплением,Методы сжатия и передачи медиаданных,Компьютерное зрение,Да,0.601449275362319,DevOps
2023-05-17 15:30:40,906692ccd33f59058380aac1598c5480,1143,42,,,,Байесовские методы машинного обучения,Анализ неструктурированных данных,Глубинное обучение в обработке звука,Обучение с подкреплением,Генеративные модели в машинном обучении,Компьютерное зрение,Да,0.547101449275362,DevOps
2023-05-17 15:43:40,7134f24c241836458335aa3abb8d8727,1089,42,,,,Сбор и обработка данных с помощью краудсорсинга,Анализ неструктурированных данных,Глубинное обучение в обработке звука,Обучение с подкреплением,Компьютерное зрение,Генеративные модели в машинном обучении,Да,0.746376811594203,DevOps
2023-05-17 15:55:40,906692ccd33f59058380aac1598c5480,1143,42,,,,Анализ неструктурированных данных,Байесовские методы машинного обучения,Глубинное обучение в обработке звука,Обучение с подкреплением,Генеративные модели в машинном обучении,Компьютерное зрение,Нет,0.547101449275362,DevOps
2023-05-17 16:08:17,757ce29d3647ee4aff21bc1a62849805,1181,41,,,,Глубинное обучение в обработке звука,Анализ неструктурированных данных,Байесовские методы машинного обучения,Обучение с подкреплением,Проектирование и разработка высоконагруженных сервисов,Методы сжатия и передачи медиаданных,Да,0.41304347826087,Соревновательный анализ данных
2023-05-17 16:17:12,2e04f9bc8796f095ed7b9c7941df91a6,1077,42,,,,Сбор и обработка данных с помощью краудсорсинга,Анализ неструктурированных данных,Глубинное обучение в обработке звука,Обучение с подкреплением,Конфликты и кооперация,Компьютерное зрение,Да,0.797101449275362,Соревновательный анализ данных
2023-05-17 16:35:49,976376a468b8f4d1e3c48f7acb29c2e4,1167,41,,,,Байесовские методы машинного обучения,Анализ неструктурированных данных,Глубинное обучение в обработке звука,Обучение с подкреплением,Генеративные модели в машинном обучении,Компьютерное зрение,Да,0.449275362318841,Соревновательный анализ данных
2023-05-17 17:59:12,c39a1776d2509b6383ab9a7af9cba0ca,1162,41,,,,Анализ неструктурированных данных,Сбор и обработка данных с помощью краудсорсинга,Глубинное обучение в обработке звука,Обучение с подкреплением,Компьютерное зрение,Конфликты и кооперация,Да,0.478260869565217,DevOps
2023-05-17 18:04:39,c1e88502b6673d22c38ee1352e3a1dd9,985,42,,,,Анализ неструктурированных данных,Моделирование временных рядов,Сбор и обработка данных с помощью краудсорсинга,Обучение с подкреплением,Компьютерное зрение,Генеративные модели в машинном обучении,Да,0.971014492753623,Соревновательный анализ данных
2023-05-17 18:29:44,bba51e2f648cb3323b96858a404dacea,1052,42,,,,Сбор и обработка данных с помощью краудсорсинга,Моделирование временных рядов,Анализ неструктурированных данных,Методы сжатия и передачи медиаданных,Обучение с подкреплением,Численные методы,Да,0.86231884057971,Соревновательный анализ данных
2023-05-17 19:44:23,d028e00edda581b07bcbe6b841e6dc39,1242,41,,,,Байесовские методы машинного обучения,Анализ неструктурированных данных,Глубинное обучение в обработке звука,Обучение с подкреплением,Генеративные модели в машинном обучении,Компьютерное зрение,Да,0.166666666666667,DevOps
2023-05-17 22:08:57,840716fde17a536f5e067546ab49a8a7,1325,41,,,,Байесовские методы машинного обучения,Глубинное обучение в обработке звука,Анализ неструктурированных данных,Генеративные модели в машинном обучении,Компьютерное зрение,Обучение с подкреплением,Да,0.289855072463768,DevOps
2023-05-17 23:01:57,c93289511bf5625a199d4ae9b889a06a,1159,41,,,,Байесовские методы машинного обучения,Statistical Learning Theory,Сбор и обработка данных с помощью краудсорсинга,Обучение с подкреплением,Компьютерное зрение,Численные методы,Да,0.492753623188406,Соревновательный анализ данных
2023-05-18 00:11:46,2d23e58ee8e952b48da12adcb71f2db0,1138,41,,,,Анализ неструктурированных данных,Глубинное обучение в обработке звука,Безопасность компьютерных систем,Обучение с подкреплением,Методы сжатия и передачи медиаданных,Компьютерное зрение,Да,0.565217391304348,DevOps
2023-05-18 10:22:57,db450211a009799155ed6494957be8c7,1183,42,,,,Анализ неструктурированных данных,Глубинное обучение в обработке звука,Сбор и обработка данных с помощью краудсорсинга,Обучение с подкреплением,Проектирование и разработка высоконагруженных сервисов,Методы сжатия и передачи медиаданных,Да,0.398550724637681,DevOps
2023-05-18 10:52:37,d81070e804b5757d118efba759e707e8,1228,41,,,,Байесовские методы машинного обучения,Анализ неструктурированных данных,Сбор и обработка данных с помощью краудсорсинга,Обучение с подкреплением,Компьютерное зрение,Проектирование и разработка высоконагруженных сервисов,Да,0.217391304347826,DevOps
2023-05-18 11:19:43,ce2a9120d5581dcd8bd0d6252918c9ec,1100,43,,,,Statistical Learning Theory,Моделирование временных рядов,Глубинное обучение в обработке звука,Компьютерное зрение,Символьные вычисления,Методы сжатия и передачи медиаданных,Да,0.702898550724638,Соревновательный анализ данных
2023-05-18 12:39:47,7fe7df0d207babbf30249b3063ac1f26,1365,45,,,,Высокопроизводительные вычисления,Сбор и обработка данных с помощью краудсорсинга,Моделирование временных рядов,Проектирование и разработка высоконагруженных сервисов,Методы сжатия и передачи медиаданных,Методы сжатия и передачи медиаданных,Да,0.724637681159424,DevOps
2023-05-18 12:40:49,5d76b97bcf684f8a1ec03057dd94d416,1257,45,,,,Высокопроизводительные вычисления,Сбор и обработка данных с помощью краудсорсинга,Моделирование временных рядов,Проектирование и разработка высоконагруженных сервисов,Методы сжатия и передачи медиаданных,Методы сжатия и передачи медиаданных,Да,0.13768115942029,DevOps
2023-05-18 12:49:52,df4d59dca630b474f77b0103cac53b52,1246,45,,,,Высокопроизводительные вычисления,Безопасность компьютерных систем,Анализ неструктурированных данных,Проектирование и разработка высоконагруженных сервисов,Методы сжатия и передачи медиаданных,Конфликты и кооперация,Да,0.159420289855073,DevOps
2023-05-18 13:07:09,29d0fcf21c4db938fae688bb09078f8d,1166,42,,,,Сбор и обработка данных с помощью краудсорсинга,Анализ неструктурированных данных,Глубинное обучение в обработке звука,Конфликты и кооперация,Обучение с подкреплением,Компьютерное зрение,Да,0.456521739130435,Соревновательный анализ данных
2023-05-18 13:24:26,4df9699d2022802f80b3e6426d6976d7,1276,43,,,,Безопасность компьютерных систем,Statistical Learning Theory,Моделирование временных рядов,Компьютерное зрение,Проектирование и разработка высоконагруженных сервисов,Методы сжатия и передачи медиаданных,Да,0.108695652173913,Введение в дифференциальную геометрию
2023-05-18 13:31:45,9775834d44b69d181c5fb0c0af57c783,1231,41,,,,Байесовские методы машинного обучения,Анализ неструктурированных данных,Глубинное обучение в обработке звука,Обучение с подкреплением,Генеративные модели в машинном обучении,Компьютерное зрение,Да,0.210144927536232,DevOps
2023-05-18 13:43:47,6ef08b5cfd42ecdd713466cb4b7b41b7,1139,46,,,,Высокопроизводительные вычисления,Безопасность компьютерных систем,Моделирование временных рядов,Конфликты и кооперация,Проектирование и разработка высоконагруженных сервисов,Методы сжатия и передачи медиаданных,Да,0.557971014492754,DevOps
2023-05-18 13:51:01,c749f69f66d40cdfb3821745951be896,1017,42,,,,Анализ неструктурированных данных,Сбор и обработка данных с помощью краудсорсинга,Моделирование временных рядов,Обучение с подкреплением,Проектирование и разработка высоконагруженных сервисов,Компьютерное зрение,Да,0.934782608695652,DevOps
2023-05-18 14:29:51,fecff7bd30995d16b59fb392d47b3760,1278,41,,,,Анализ неструктурированных данных,Безопасность компьютерных систем,Байесовские методы машинного обучения,Обучение с подкреплением,Компьютерное зрение,Генеративные модели в машинном обучении,Да,0.942028985507246,DevOps
2023-05-18 14:34:20,15163c0c088c0ba42e1c77c9f3eabc81,1235,47,,,,Глубинное обучение в обработке звука,Сбор и обработка данных с помощью краудсорсинга,Моделирование временных рядов,Конфликты и кооперация,Методы сжатия и передачи медиаданных,Символьные вычисления,Да,0.202898550724638,Введение в дифференциальную геометрию
2023-05-18 14:55:38,0d85933f07516e8871e9415c1d95ddbe,1202,45,,,,Высокопроизводительные вычисления,Высокопроизводительные вычисления,Высокопроизводительные вычисления,Методы сжатия и передачи медиаданных,Проектирование и разработка высоконагруженных сервисов,Методы сжатия и передачи медиаданных,Да,0.318840579710145,DevOps
2023-05-18 15:11:26,f36d508e6129c7b248cc707b71c2a551,1184,41,,,,Statistical Learning Theory,Сбор и обработка данных с помощью краудсорсинга,Байесовские методы машинного обучения,Компьютерное зрение,Генеративные модели в машинном обучении,Численные методы,Да,0.391304347826087,Соревновательный анализ данных
2023-05-18 15:22:11,a207faa550aba9ebf30537be445012cc,1238,45,,,,Глубинное обучение в обработке звука,Безопасность компьютерных систем,Высокопроизводительные вычисления,Проектирование и разработка высоконагруженных сервисов,Обучение с подкреплением,Компьютерное зрение,Да,0.181159420289855,DevOps
2023-05-18 15:27:11,5bb63d6635c5f4c530b727fe1d6d84bf,1178,46,,,,Глубинное обучение в обработке звука,Высокопроизводительные вычисления,Безопасность компьютерных систем,Методы сжатия и передачи медиаданных,Конфликты и кооперация,Численные методы,Да,0.420289855072464,DevOps
2023-05-18 17:26:18,8cc921fb155319d983cf72e9a6e8caa8,1201,43,,,,Statistical Learning Theory,Высокопроизводительные вычисления,Байесовские методы машинного обучения,Проектирование и разработка высоконагруженных сервисов,Методы сжатия и передачи медиаданных,Символьные вычисления,Да,0.326086956521739,Введение в дифференциальную геометрию
2023-05-18 17:29:43,1da702d51a0a1829bb1bc33011aec5f0,1148,43,,,,Statistical Learning Theory,Байесовские методы машинного обучения,Безопасность компьютерных систем,Проектирование и разработка высоконагруженных сервисов,Компьютерное зрение,Символьные вычисления,Да,0.521739130434783,Введение в дифференциальную геометрию
2023-05-18 18:01:57,39e61b4b01ae9201a1e0f89e36e7882e,1277,45,,,,Высокопроизводительные вычисления,Сбор и обработка данных с помощью краудсорсинга,Statistical Learning Theory,Проектирование и разработка высоконагруженных сервисов,Методы сжатия и передачи медиаданных,Компьютерное зрение,Да,0.101449275362319,DevOps
2023-05-18 18:04:18,93da3d13e0ae40a97367b0c16d497399,1090,47,,,,Принятие решений в условиях риска и неопределённости,Моделирование временных рядов,Глубинное обучение в обработке звука,Конфликты и кооперация,Методы сжатия и передачи медиаданных,Символьные вычисления,Да,0.739130434782609,Введение в дифференциальную геометрию
2023-05-18 18:13:35,c976c868dd660e792ab82ba8d9e02506,1087,46,,,,Высокопроизводительные вычисления,Безопасность компьютерных систем,Сбор и обработка данных с помощью краудсорсинга,Проектирование и разработка высоконагруженных сервисов,Методы сжатия и передачи медиаданных,Компьютерное зрение,Да,0.753623188405797,DevOps
2023-05-18 18:14:38,fe631bea98b075dd781e11df3987533b,1085,43,,,,Statistical Learning Theory,Моделирование временных рядов,Высокопроизводительные вычисления,Символьные вычисления,Конфликты и кооперация,Численные методы,Да,0.77536231884058,Введение в дифференциальную геометрию
2023-05-18 18:22:26,f2e1cfc27a724879ac2a8c98004c14b0,981,43,,,,Принятие решений в условиях риска и неопределённости,Моделирование временных рядов,Глубинное обучение в обработке звука,Обучение с подкреплением,Компьютерное зрение,Методы сжатия и передачи медиаданных,Да,0.978260869565217,DevOps
2023-05-18 18:24:13,6338b6eeb16faedc58d30d2f45c89a4c,1132,42,,,,Сбор и обработка данных с помощью краудсорсинга,Моделирование временных рядов,Анализ неструктурированных данных,Обучение с подкреплением,Конфликты и кооперация,Компьютерное зрение,Да,0.579710144927536,Соревновательный анализ данных
2023-05-18 18:27:32,7fcf56aae6836855a689000a50e80360,1145,43,,,,Безопасность компьютерных систем,Безопасность компьютерных систем,Безопасность компьютерных систем,Символьные вычисления,Символьные вычисления,Символьные вычисления,Да,0.536231884057971,Введение в дифференциальную геометрию
2023-05-18 18:52:16,3da8ee30604398faa671135cebe8f982,1124,44,,,,Statistical Learning Theory,Анализ неструктурированных данных,Сбор и обработка данных с помощью краудсорсинга,Обучение с подкреплением,Конфликты и кооперация,Компьютерное зрение,Да,0.615942028985507,Соревновательный анализ данных
2023-05-18 19:08:48,48f0ae24c435e6d7330ffc82eec05483,1154,46,,,,Безопасность компьютерных систем,Высокопроизводительные вычисления,Глубинное обучение в обработке звука,Проектирование и разработка высоконагруженных сервисов,Методы сжатия и передачи медиаданных,Компьютерное зрение,Да,0.514492753623189,DevOps
2023-05-18 19:11:48,31c9900033ce01dd1365a6b6a350c3bb,1182,41,,,,Глубинное обучение в обработке звука,Анализ неструктурированных данных,Байесовские методы машинного обучения,Обучение с подкреплением,Компьютерное зрение,Генеративные модели в машинном обучении,Да,0.405797101449275,DevOps
2023-05-18 19:36:56,0c0cbdd1a309c1d1fd8993c4dc907bb5,1065,42,,,,Безопасность компьютерных систем,Сбор и обработка данных с помощью краудсорсинга,Моделирование временных рядов,Компьютерное зрение,Методы сжатия и передачи медиаданных,Генеративные модели в машинном обучении,Да,0.833333333333333,Соревновательный анализ данных
2023-05-18 19:58:36,9a66d84568b8017d98eb2e678b57296b,1205,41,,,,Глубинное обучение в обработке звука,Анализ неструктурированных данных,Байесовские методы машинного обучения,Обучение с подкреплением,Генеративные модели в машинном обучении,Компьютерное зрение,Да,0.293478260869565,DevOps
2023-05-18 20:00:36,573e2218c3fe3ffc1894edc12432d315,1131,42,,,,Statistical Learning Theory,Анализ неструктурированных данных,Сбор и обработка данных с помощью краудсорсинга,Обучение с подкреплением,Конфликты и кооперация,Компьютерное зрение,Да,0.58695652173913,DevOps
2023-05-18 20:23:36,9a66d84568b8017d98eb2e678b57296b,1205,41,,,,Анализ неструктурированных данных,Глубинное обучение в обработке звука,Байесовские методы машинного обучения,Обучение с подкреплением,Генеративные модели в машинном обучении,Компьютерное зрение,Нет,0.293478260869565,DevOps
2023-05-18 20:29:44,f602211b88a96890ce75e36a390705b8,1200,42,,,,Анализ неструктурированных данных,Глубинное обучение в обработке звука,Байесовские методы машинного обучения,Генеративные модели в машинном обучении,Компьютерное зрение,Обучение с подкреплением,Да,0.333333333333333,Соревновательный анализ данных
2023-05-18 20:32:09,e3b41563b7ea61def9fdd3623df1c783,1224,41,,,,Анализ неструктурированных данных,Сбор и обработка данных с помощью краудсорсинга,Глубинное обучение в обработке звука,Обучение с подкреплением,Конфликты и кооперация,Компьютерное зрение,Да,0.22463768115942,Соревновательный анализ данных
2023-05-18 20:43:18,7f98e4487c7a910567f2d841e5e764c3,1300,44,,,,Анализ неструктурированных данных,Байесовские методы машинного обучения,Моделирование временных рядов,Обучение с подкреплением,Численные методы,Генеративные модели в машинном обучении,Да,0.507246376811594,Введение в дифференциальную геометрию
2023-05-18 20:54:39,83981d0841bbb56201e68b2cba8dd87d,1191,45,,,,Высокопроизводительные вычисления,Глубинное обучение в обработке звука,Сбор и обработка данных с помощью краудсорсинга,Методы сжатия и передачи медиаданных,Проектирование и разработка высоконагруженных сервисов,Конфликты и кооперация,Да,0.376811594202899,Соревновательный анализ данных
2023-05-18 21:00:45,ffc04c64d068f8d85e4dc44e7f297ecc,1163,41,,,,Байесовские методы машинного обучения,Statistical Learning Theory,Глубинное обучение в обработке звука,Обучение с подкреплением,Генеративные модели в машинном обучении,Компьютерное зрение,Нет,0.471014492753623,Соревновательный анализ данных
2023-05-18 21:05:56,3d1f14bf03e6eee14d833c45ccff2283,1236,45,,,,Высокопроизводительные вычисления,Анализ неструктурированных данных,Глубинное обучение в обработке звука,Проектирование и разработка высоконагруженных сервисов,Компьютерное зрение,Методы сжатия и передачи медиаданных,Да,0.195652173913044,DevOps
2023-05-18 21:09:04,fa61e55c68763160d0fffe57dab37af9,1121,42,,,,Анализ неструктурированных данных,Безопасность компьютерных систем,Сбор и обработка данных с помощью краудсорсинга,Обучение с подкреплением,Компьютерное зрение,Генеративные модели в машинном обучении,Да,0.630434782608696,DevOps
2023-05-18 21:14:10,e0a59b2b04663ea386d2cac7b876952e,1091,42,,,,Анализ неструктурированных данных,Безопасность компьютерных систем,Сбор и обработка данных с помощью краудсорсинга,Обучение с подкреплением,Компьютерное зрение,Конфликты и кооперация,Да,0.731884057971014,DevOps
2023-05-18 21:20:14,ba4091ee80dd63a042464dbd2a7e3363,1022,46,,,,Безопасность компьютерных систем,Сбор и обработка данных с помощью краудсорсинга,Моделирование временных рядов,Проектирование и разработка высоконагруженных сервисов,Методы сжатия и передачи медиаданных,Компьютерное зрение,Да,0.927536231884058,DevOps
2023-05-18 21:29:50,aeb7bb1e047c392b7e5e39225cd86422,1039,46,,,,Безопасность компьютерных систем,Моделирование временных рядов,Анализ неструктурированных данных,Проектирование и разработка высоконагруженных сервисов,Методы сжатия и передачи медиаданных,Обучение с подкреплением,Да,0.898550724637681,DevOps
2023-05-18 21:31:00,75be5480aae801322ab8ee4b8f4517a3,1112,42,,,,Глубинное обучение в обработке звука,Анализ неструктурированных данных,Сбор и обработка данных с помощью краудсорсинга,Обучение с подкреплением,Конфликты и кооперация,Методы сжатия и передачи медиаданных,Да,0.644927536231884,Соревновательный анализ данных
2023-05-18 21:40:08,5a733a19a3bdad95c1b5eac59c5b764b,1207,45,,,,Сбор и обработка данных с помощью краудсорсинга,Байесовские методы машинного обучения,Глубинное обучение в обработке звука,Проектирование и разработка высоконагруженных сервисов,Компьютерное зрение,Генеративные модели в машинном обучении,Да,0.27536231884058,DevOps
2023-05-18 21:45:27,5ac46b96ef57b09c77dc50a6da3f39a5,1108,44,,,,Анализ неструктурированных данных,Глубинное обучение в обработке звука,Моделирование временных рядов,Обучение с подкреплением,Методы сжатия и передачи медиаданных,Компьютерное зрение,Да,0.659420289855073,DevOps
2023-05-18 21:46:53,d40cbae8cfc9e6c5d05831ef7e122f3e,1092,42,,,,Безопасность компьютерных систем,Сбор и обработка данных с помощью краудсорсинга,Анализ неструктурированных данных,Проектирование и разработка высоконагруженных сервисов,Обучение с подкреплением,Компьютерное зрение,Да,0.72463768115942,DevOps
2023-05-18 21:50:22,0a3bf60d68e9bcb118ba4b472eabebc8,1103,45,,,,Безопасность компьютерных систем,Высокопроизводительные вычисления,Сбор и обработка данных с помощью краудсорсинга,Методы сжатия и передачи медиаданных,Проектирование и разработка высоконагруженных сервисов,Конфликты и кооперация,Да,0.688405797101449,Соревновательный анализ данных
2023-05-18 22:02:44,22eda17f96bbf2d0fb857453e6101160,1198,44,,,,Анализ неструктурированных данных,Сбор и обработка данных с помощью краудсорсинга,Безопасность компьютерных систем,Обучение с подкреплением,Конфликты и кооперация,Методы сжатия и передачи медиаданных,Да,0.347826086956522,DevOps
2023-05-18 22:11:52,3eb1a783e55b0dd8bd2fa69eeeeecd4e,1196,46,,,,Высокопроизводительные вычисления,Безопасность компьютерных систем,Моделирование временных рядов,Проектирование и разработка высоконагруженных сервисов,Методы сжатия и передачи медиаданных,Символьные вычисления,Да,0.36231884057971,DevOps
2023-05-18 22:14:40,f98ac9a12b43a53c0fa44491cb56890c,1147,41,,,,Байесовские методы машинного обучения,Анализ неструктурированных данных,Сбор и обработка данных с помощью краудсорсинга,Обучение с подкреплением,Компьютерное зрение,Генеративные модели в машинном обучении,Да,0.528985507246377,DevOps
2023-05-18 22:15:28,d9c068e5578253c2b0721558dd0813e1,1075,44,,,,Statistical Learning Theory,Анализ неструктурированных данных,Принятие решений в условиях риска и неопределённости,Конфликты и кооперация,Обучение с подкреплением,Символьные вычисления,Да,0.807971014492754,DevOps
2023-05-18 22:16:05,eb1d7205d913319ef3d48e0719839849,1127,42,,,,Безопасность компьютерных систем,Байесовские методы машинного обучения,Statistical Learning Theory,Обучение с подкреплением,Символьные вычисления,Генеративные модели в машинном обучении,Да,0.608695652173913,DevOps
2023-05-18 22:20:02,67e4ec4fe5c0601815692fbd6d403fb7,1335,41,,,,Байесовские методы машинного обучения,Глубинное обучение в обработке звука,Statistical Learning Theory,Обучение с подкреплением,Проектирование и разработка высоконагруженных сервисов,Генеративные модели в машинном обучении,Да,0.144927536231884,DevOps
2023-05-18 22:39:55,7af276b31fb741aa81baa85aa5c82bd9,1158,46,,,,Высокопроизводительные вычисления,Сбор и обработка данных с помощью краудсорсинга,Байесовские методы машинного обучения,Проектирование и разработка высоконагруженных сервисов,Методы сжатия и передачи медиаданных,Генеративные модели в машинном обучении,Да,0.513456345435246,DevOps
2023-05-18 22:40:28,d9c068e5578253c2b0721558dd0813e1,1075,44,,,,Анализ неструктурированных данных,Statistical Learning Theory,Принятие решений в условиях риска и неопределённости,Конфликты и кооперация,Обучение с подкреплением,Символьные вычисления,Нет,0.807971014492754,DevOps
2023-05-18 22:40:32,338374a0f16d72f8c9066ca658c1ee04,1104,44,,,,Анализ неструктурированных данных,Сбор и обработка данных с помощью краудсорсинга,Глубинное обучение в обработке звука,Обучение с подкреплением,Генеративные модели в машинном обучении,Компьютерное зрение,Да,0.681159420289855,DevOps
2023-05-18 22:43:00,dc7f705ae386b0457542a833571d51d0,1307,43,,,,Высокопроизводительные вычисления,Моделирование временных рядов,Байесовские методы машинного обучения,Проектирование и разработка высоконагруженных сервисов,Методы сжатия и передачи медиаданных,Обучение с подкреплением,Нет,0.434782608695652,DevOps
2023-05-18 22:43:06,de539be8b29b3afa002184e28d63c670,1015,43,,,,Анализ неструктурированных данных,Безопасность компьютерных систем,Глубинное обучение в обработке звука,Обучение с подкреплением,Методы сжатия и передачи медиаданных,Проектирование и разработка высоконагруженных сервисов,Да,0.949275362318841,DevOps
2023-05-18 22:44:24,1d30f1c70a51faa60f497fe959851731,1197,41,,,,Анализ неструктурированных данных,Глубинное обучение в обработке звука,Сбор и обработка данных с помощью краудсорсинга,Обучение с подкреплением,Генеративные модели в машинном обучении,Компьютерное зрение,Да,0.355072463768116,Соревновательный анализ данных
2023-05-18 22:52:12,d9133abde61da78a0b956af5dad1228a,1223,41,,,,Байесовские методы машинного обучения,Сбор и обработка данных с помощью краудсорсинга,Анализ неструктурированных данных,Обучение с подкреплением,Генеративные модели в машинном обучении,Компьютерное зрение,Да,0.231884057971015,DevOps
2023-05-18 22:52:40,b243a77fa09641c7f0a0b7dfb7a541df,1294,45,,,,Высокопроизводительные вычисления,Безопасность компьютерных систем,Моделирование временных рядов,Методы сжатия и передачи медиаданных,Проектирование и разработка высоконагруженных сервисов,Численные методы,Нет,0.652173913043478,DevOps
2023-05-18 22:55:44,6a93fcbc79d0df6ddeba3b46739fc3d8,1286,41,,,,Глубинное обучение в обработке звука,Анализ неструктурированных данных,Моделирование временных рядов,Компьютерное зрение,Генеративные модели в машинном обучении,Обучение с подкреплением,Да,0.797101449275363,Соревновательный анализ данных
2023-05-18 22:59:48,50f6d5b6a7fd6c8b1b8959f9ce1f808d,1086,44,,,,Глубинное обучение в обработке звука,Анализ неструктурированных данных,Моделирование временных рядов,Обучение с подкреплением,Методы сжатия и передачи медиаданных,Проектирование и разработка высоконагруженных сервисов,Да,0.764492753623189,DevOps
2023-05-18 23:01:20,ba028043babda44219f3346809874ca3,1174,45,,,,Безопасность компьютерных систем,Глубинное обучение в обработке звука,Сбор и обработка данных с помощью краудсорсинга,Проектирование и разработка высоконагруженных сервисов,Компьютерное зрение,Обучение с подкреплением,Да,0.427536231884058,DevOps
2023-05-18 23:01:39,01b072a0cdb45814fc4ab8ca3e621f0e,1058,43,,,,Анализ неструктурированных данных,Сбор и обработка данных с помощью краудсорсинга,Моделирование временных рядов,Обучение с подкреплением,Компьютерное зрение,Символьные вычисления,Да,0.847826086956522,Соревновательный анализ данных
2023-05-18 23:01:42,842a87d59de90b711fe3266830fe608c,1188,45,,,,Высокопроизводительные вычисления,Безопасность компьютерных систем,Безопасность компьютерных систем,Проектирование и разработка высоконагруженных сервисов,Методы сжатия и передачи медиаданных,Компьютерное зрение,Нет,0.384057971014493,DevOps
2023-05-18 23:04:29,1021c681cf4b273ed4905d431e4c17ce,1165,44,,,,Сбор и обработка данных с помощью краудсорсинга,Принятие решений в условиях риска и неопределённости,Анализ неструктурированных данных,Конфликты и кооперация,Численные методы,Символьные вычисления,Да,0.463768115942029,Введение в дифференциальную геометрию
2023-05-18 23:07:14,7378a3c0caf8ce5fdbb1e4370b346cb7,1043,44,,,,Глубинное обучение в обработке звука,Моделирование временных рядов,Безопасность компьютерных систем,Методы сжатия и передачи медиаданных,Компьютерное зрение,Обучение с подкреплением,Да,0.891304347826087,DevOps
2023-05-18 23:10:45,07b6ce7fd93bde95ce5fe14a5131a960,1160,46,,,,Безопасность компьютерных систем,Сбор и обработка данных с помощью краудсорсинга,Высокопроизводительные вычисления,Проектирование и разработка высоконагруженных сервисов,Методы сжатия и передачи медиаданных,Конфликты и кооперация,Да,0.485507246376812,DevOps
2023-05-18 23:12:29,d539461bf254cf8b3201cdf7990b119e,964,44,,,,Анализ неструктурированных данных,Глубинное обучение в обработке звука,Statistical Learning Theory,Обучение с подкреплением,Компьютерное зрение,Проектирование и разработка высоконагруженных сервисов,Да,0.992753623188406,DevOps
2023-05-18 23:13:30,085da16dd3062b4790c3dabdc08a51cf,1048,46,,,,Безопасность компьютерных систем,Сбор и обработка данных с помощью краудсорсинга,Высокопроизводительные вычисления,Проектирование и разработка высоконагруженных сервисов,Методы сжатия и передачи медиаданных,Проектирование и разработка высоконагруженных сервисов,Да,0.876811594202899,DevOps
2023-05-18 23:24:48,50f6d5b6a7fd6c8b1b8959f9ce1f808d,1086,44,,,,Анализ неструктурированных данных,Глубинное обучение в обработке звука,Моделирование временных рядов,Обучение с подкреплением,Методы сжатия и передачи медиаданных,Проектирование и разработка высоконагруженных сервисов,Нет,0.764492753623189,DevOps
2023-05-18 23:25:14,31e38f7596f83b72ebba1c6fc6b7a590,1220,46,,,,Безопасность компьютерных систем,Высокопроизводительные вычисления,Сбор и обработка данных с помощью краудсорсинга,Методы сжатия и передачи медиаданных,Проектирование и разработка высоконагруженных сервисов,Конфликты и кооперация,Нет,0.239130434782609,DevOps
2023-05-18 23:29:38,b42de1b3235e9e84b43f38ff282cdfb9,1219,45,,,,Высокопроизводительные вычисления,Байесовские методы машинного обучения,Анализ неструктурированных данных,Обучение с подкреплением,Символьные вычисления,Компьютерное зрение,Да,0.246376811594203,DevOps
2023-05-18 23:38:24,b65194fec33b2358296f74f6d948efdf,1268,45,,,,Высокопроизводительные вычисления,Глубинное обучение в обработке звука,Моделирование временных рядов,Методы сжатия и передачи медиаданных,Проектирование и разработка высоконагруженных сервисов,Конфликты и кооперация,Да,0.123188405797101,DevOps
2023-05-18 23:43:02,b739739c7080a6e15f962c3863021855,1003,44,,,,Анализ неструктурированных данных,Высокопроизводительные вычисления,Сбор и обработка данных с помощью краудсорсинга,Конфликты и кооперация,Методы сжатия и передачи медиаданных,Компьютерное зрение,Да,0.956521739130435,Соревновательный анализ данных
2023-05-18 23:44:56,bb29d9b9230528a4873f91abce2095b8,1313,45,,,,Безопасность компьютерных систем,Высокопроизводительные вычисления,Анализ неструктурированных данных,Методы сжатия и передачи медиаданных,Проектирование и разработка высоконагруженных сервисов,Символьные вычисления,Да,0.362318840579711,DevOps
2023-05-18 23:54:25,cef24632489091cb8c085688b7d78dec,1095,42,,,,Глубинное обучение в обработке звука,Сбор и обработка данных с помощью краудсорсинга,Анализ неструктурированных данных,Обучение с подкреплением,Генеративные модели в машинном обучении,Компьютерное зрение,Нет,0.717391304347826,Соревновательный анализ данных
2023-05-18 23:56:39,bb9bbd259ab6b8170a7dc6fb35695d13,1285,45,,,,Безопасность компьютерных систем,Высокопроизводительные вычисления,Высокопроизводительные вычисления,Методы сжатия и передачи медиаданных,Проектирование и разработка высоконагруженных сервисов,Конфликты и кооперация,Да,0.869565217391305,DevOps
2023-05-18 23:58:07,2c0a8cb6662b9a0a0a5d2d1214442767,1107,42,,,,Анализ неструктурированных данных,Глубинное обучение в обработке звука,Моделирование временных рядов,Обучение с подкреплением,Компьютерное зрение,Конфликты и кооперация,Да,0.666666666666667,Соревновательный анализ данных
2023-05-18 23:58:33,8fe79f84f36e3a5d2d6745621321302c,1016,44,,,,Безопасность компьютерных систем,Высокопроизводительные вычисления,Сбор и обработка данных с помощью краудсорсинга,Конфликты и кооперация,Проектирование и разработка высоконагруженных сервисов,Символьные вычисления,Да,0.942028985507246,DevOps
2023-05-18 23:59:20,f93afd8e92c336b471aa3bbbc579aefe,1298,45,,,,Высокопроизводительные вычисления,Сбор и обработка данных с помощью краудсорсинга,Statistical Learning Theory,Методы сжатия и передачи медиаданных,Проектирование и разработка высоконагруженных сервисов,Конфликты и кооперация,Да,0.579710144927537,DevOps
2023-05-18 23:59:28,9963fc00d9405a35b894cc04a7e19855,1135,45,,,,Безопасность компьютерных систем,Высокопроизводительные вычисления,Безопасность компьютерных систем,Проектирование и разработка высоконагруженных сервисов,Методы сжатия и передачи медиаданных,Символьные вычисления,Да,0.572463768115942,DevOps
2023-05-19 08:55:39,98c5a2548d93f26bd4195466e93178b3,1035,41,,,,Байесовские методы машинного обучения,Глубинное обучение в обработке звука,Statistical Learning Theory,Обучение с подкреплением,Генеративные модели в машинном обучении,Методы сжатия и передачи медиаданных,Нет,0.905797101449275,DevOps
2023-05-19 18:58:06,ba298cbd9be59b84bab33325e956f27e,1155,41,,,,Сбор и обработка данных с помощью краудсорсинга,Байесовские методы машинного обучения,Анализ неструктурированных данных,Конфликты и кооперация,Обучение с подкреплением,Компьютерное зрение,Да,0.507246376811594,Соревновательный анализ данных
2023-05-19 19:04:17,c5870b37ee3f672e4259dfb2fc02ed8f,1029,44,,,,Statistical Learning Theory,Анализ неструктурированных данных,Сбор и обработка данных с помощью краудсорсинга,Обучение с подкреплением,Конфликты и кооперация,Компьютерное зрение,Да,0.920289855072464,DevOps
2023-05-19 20:19:25,f44aea1095f9f5b8e2f5f0ed2b17891b,1060,44,,,,Анализ неструктурированных данных,Высокопроизводительные вычисления,Моделирование временных рядов,Конфликты и кооперация,Обучение с подкреплением,Численные методы,Да,0.840579710144928,DevOps
2023-05-20 11:54:38,d7118b44c7e8fdbbaaca226d2da6fef1,1111,43,,,,Сбор и обработка данных с помощью краудсорсинга,Statistical Learning Theory,Анализ неструктурированных данных,Проектирование и разработка высоконагруженных сервисов,Методы сжатия и передачи медиаданных,Численные методы,Да,0.652173913043478,Соревновательный анализ данных
2023-05-23 21:16:40,79d14db48e4737af731960ae212d5134,966,42,,,,Безопасность компьютерных систем,Принятие решений в условиях риска и неопределённости,Анализ неструктурированных данных,Проектирование и разработка высоконагруженных сервисов,Методы сжатия и передачи медиаданных,Компьютерное зрение,Да,0.985507246376812,DevOps
2023-05-23 21:16:40,f2d210ace25a841e1e58036b257d5d47,1195,46,,,,Анализ неструктурированных данных,Моделирование временных рядов,Высокопроизводительные вычисления,Обучение с подкреплением,Компьютерное зрение,Методы сжатия и передачи медиаданных,Да,0.369565217391304,Соревновательный анализ данных
